KT,KM,LT_m2,LB_m2,harga_rupiah
2,3,1383.0,250.0,1650000000
3,2,178.0,120.0,450000000
2,1,60.0,36.0,166000000
2,1,60.0,36.0,166000000
3,3,110.0,110.0,280000000
2,1,60.0,36.0,166000000
2,1,60.0,36.0,166000000
2,2,915.0,300.0,750000000
3,2,106.0,106.0,750000000
2,1,60.0,36.0,166000000
2,1,60.0,36.0,166000000
2,1,60.0,36.0,166000000
2,1,60.0,36.0,166000000
2,1,60.0,36.0,166000000
2,1,60.0,36.0,166000000
2,1,60.0,36.0,166000000
2,1,60.0,36.0,166000000
2,1,60.0,36.0,166000000
2,1,60.0,36.0,166000000
2,1,60.0,36.0,166000000
2,1,60.0,36.0,166000000
2,1,60.0,36.0,166000000
2,1,60.0,36.0,166000000
2,1,60.0,36.0,166000000
2,1,60.0,39.0,166000000
2,1,60.0,36.0,166000000
3,3,1300.0,100.0,1500000000
2,1,36.0,60.0,75000000
6,4,3830.0,231.0,2500000000
2,1,60.0,36.0,166000000
2,1,60.0,36.0,166000000
2,1,60.0,36.0,166000000
2,1,60.0,36.0,166000000
2,1,60.0,36.0,166000000
2,1,60.0,36.0,166000000
2,1,60.0,36.0,166000000
2,1,60.0,36.0,166000000
2,1,60.0,36.0,166000000
2,1,60.0,36.0,166000000
2,1,60.0,36.0,166000000
3,2,400.0,200.0,450000000
2,1,60.0,36.0,166000000
1,1,64.0,64.0,280000000
2,1,60.0,36.0,166000000
2,1,60.0,36.0,166000000
2,1,60.0,36.0,166000000
2,1,60.0,36.0,166000000
2,1,60.0,36.0,166000000
2,1,60.0,36.0,166000000
2,1,60.0,36.0,166000000
2,1,60.0,36.0,166000000
2,1,60.0,36.0,166000000
2,1,60.0,36.0,166000000
2,1,60.0,36.0,166000000
2,1,60.0,36.0,166000000
2,1,60.0,36.0,166000000
2,1,60.0,36.0,166000000
2,1,60.0,36.0,166000000
2,1,60.0,36.0,166000000
2,1,60.0,36.0,166000000
2,1,60.0,36.0,166000000
2,1,60.0,36.0,166000000
2,1,60.0,36.0,166000000
2,1,60.0,36.0,166000000
3,3,729.0,150.0,750000000
2,1,60.0,36.0,166000000
2,1,60.0,36.0,166000000
2,1,60.0,36.0,166000000
2,1,60.0,36.0,166000000
2,1,60.0,36.0,166000000
2,1,60.0,36.0,166000000
2,1,60.0,36.0,166000000
2,1,60.0,36.0,166000000
2,1,60.0,36.0,166000000
2,1,60.0,36.0,166000000
2,1,60.0,36.0,166000000
2,1,60.0,36.0,166000000
2,1,60.0,36.0,166000000
2,1,60.0,36.0,166000000
2,1,60.0,36.0,166000000
2,1,60.0,36.0,166000000
2,1,60.0,36.0,166000000
2,1,60.0,36.0,166000000
2,1,60.0,36.0,166000000
2,1,60.0,36.0,166000000
2,1,60.0,36.0,166000000
2,1,60.0,36.0,166000000
2,1,60.0,36.0,166000000
2,1,60.0,36.0,166000000
2,1,60.0,36.0,166000000
2,1,60.0,36.0,166000000
2,1,60.0,36.0,166000000
2,1,60.0,36.0,166000000
2,1,60.0,36.0,166000000
2,1,60.0,36.0,166000000
2,1,60.0,36.0,166000000
2,1,60.0,36.0,166000000
2,1,60.0,36.0,166000000
2,1,60.0,36.0,166000000
2,1,60.0,36.0,166000000
2,1,60.0,36.0,166000000
2,1,60.0,36.0,166000000
3,2,126.0,126.0,870000000
3,3,729.0,150.0,800000000
4,4,1000.0,350.0,1000000000
2,1,60.0,36.0,166000000
2,1,132.0,132.0,145000000
2,1,60.0,36.0,166000000
2,1,60.0,36.0,166000000
2,1,60.0,36.0,166000000
2,1,60.0,36.0,166000000
2,1,60.0,36.0,166000000
2,1,60.0,36.0,166000000
2,1,60.0,36.0,166000000
2,1,60.0,36.0,166000000
2,1,60.0,36.0,166000000
2,1,60.0,36.0,166000000
2,1,60.0,36.0,166000000
2,1,60.0,36.0,166000000
2,1,60.0,36.0,166000000
2,1,60.0,36.0,166000000
2,1,60.0,36.0,166000000
3,2,500.0,100.0,700000000
2,2,95.0,160.0,450000000
2,1,60.0,36.0,166000000
2,1,60.0,36.0,166000000
6,4,540.0,210.0,1000000000
2,1,60.0,60.0,150000000
2,1,60.0,50.0,200000000
2,1,60.0,36.0,166000000
2,1,60.0,36.0,166000000
2,1,60.0,36.0,166000000
2,1,60.0,36.0,166000000
2,1,60.0,36.0,166000000
2,1,60.0,36.0,166000000
2,1,60.0,36.0,166000000
2,1,60.0,36.0,166000000
2,1,60.0,36.0,166000000
2,1,60.0,36.0,245000000
2,1,60.0,30.0,150500000
2,1,60.0,60.0,130000000
3,2,110.0,70.0,450000000
2,1,2526.0,107.0,3500000000
2,1,60.0,36.0,166000000
2,1,60.0,36.0,166000000
2,1,60.0,36.0,166000000
2,1,60.0,36.0,166000000
2,1,60.0,36.0,166000000
2,1,60.0,36.0,166000000
2,1,60.0,36.0,166000000
2,1,60.0,36.0,166000000
2,1,60.0,66.0,166000000
2,1,60.0,36.0,166000000
2,1,60.0,36.0,166000000
7,1,180.0,54.0,500000000
2,1,60.0,36.0,166000000
2,1,60.0,36.0,166000000
2,1,60.0,36.0,166000000
2,1,66.0,36.0,170000000
2,1,60.0,36.0,166000000
2,1,60.0,36.0,166000000
2,1,60.0,36.0,166000000
3,2,1500.0,950.0,1500000000
3,2,400.0,200.0,450000000
2,1,103.0,40.0,310000000
3,2,400.0,250.0,450000000
2,1,60.0,36.0,166000000
1,1,64.0,64.0,280000000
3,2,1350.0,100.0,1500000000
2,1,60.0,36.0,166000000
2,1,60.0,36.0,166000000
2,1,60.0,36.0,166000000
2,1,60.0,36.0,166000000
2,1,60.0,36.0,166000000
2,1,60.0,36.0,166000000
2,1,60.0,36.0,166000000
2,1,60.0,36.0,166000000
2,1,60.0,36.0,166000000
2,1,60.0,36.0,166000000
2,1,60.0,36.0,166000000
2,1,60.0,36.0,166000000
2,1,60.0,36.0,166000000
2,1,60.0,36.0,166000000
2,1,60.0,36.0,166000000
2,1,60.0,36.0,166000000
2,1,60.0,36.0,166000000
2,1,60.0,36.0,166000000
2,1,60.0,36.0,166000000
2,1,60.0,36.0,166000000
2,1,60.0,36.0,166000000
2,1,60.0,36.0,166000000
2,1,60.0,36.0,166000000
2,1,60.0,36.0,166000000
2,1,60.0,36.0,166000000
2,1,60.0,36.0,166000000
2,1,60.0,36.0,166000000
2,1,60.0,36.0,166000000
2,1,60.0,36.0,166000000
2,1,60.0,36.0,166000000
2,1,60.0,36.0,166000000
2,1,60.0,36.0,166000000
2,1,60.0,36.0,166000000
2,1,60.0,36.0,166000000
2,1,60.0,36.0,166000000
2,1,60.0,36.0,166000000
2,1,60.0,36.0,166000000
2,1,60.0,36.0,166000000
2,1,60.0,36.0,166000000
2,1,60.0,36.0,166000000
2,1,60.0,36.0,166000000
2,1,60.0,36.0,166000000
2,1,60.0,36.0,166000000
2,1,60.0,36.0,166000000
2,1,60.0,36.0,166000000
2,1,60.0,36.0,166000000
2,1,60.0,36.0,166000000
2,1,60.0,36.0,166000000
2,1,60.0,36.0,166000000
2,1,60.0,36.0,166000000
2,1,60.0,36.0,166000000
2,1,60.0,36.0,166000000
2,1,60.0,36.0,166000000
2,1,60.0,36.0,166000000
2,1,60.0,36.0,166000000
2,1,60.0,36.0,166000000
2,1,60.0,36.0,166000000
2,1,60.0,36.0,166000000
2,1,60.0,36.0,166000000
2,1,60.0,36.0,166000000
2,1,60.0,36.0,166000000
2,1,60.0,36.0,166000000
2,1,60.0,36.0,166000000
2,1,60.0,36.0,166000000
2,1,60.0,36.0,166000000
2,1,60.0,36.0,166000000
2,1,60.0,36.0,166000000
2,1,60.0,36.0,166000000
2,1,60.0,36.0,166000000
2,1,60.0,36.0,166000000
2,1,60.0,36.0,166000000
2,1,60.0,36.0,166000000
2,1,60.0,36.0,166000000
2,1,60.0,36.0,166000000
2,1,60.0,36.0,166000000
2,1,60.0,36.0,166000000
2,1,60.0,36.0,166000000
2,1,60.0,36.0,166000000
2,1,60.0,36.0,166000000
2,1,60.0,36.0,166000000
2,1,60.0,36.0,166000000
2,1,60.0,36.0,166000000
2,1,60.0,36.0,166000000
2,1,60.0,36.0,166000000
2,1,60.0,36.0,166000000
2,1,60.0,36.0,166000000
2,1,60.0,36.0,166000000
2,1,60.0,36.0,166000000
2,1,60.0,36.0,166000000
2,1,60.0,36.0,166000000
2,1,60.0,36.0,166000000
2,1,60.0,36.0,166000000
2,1,60.0,36.0,166000000
2,1,60.0,36.0,166000000
2,1,60.0,36.0,166000000
2,1,60.0,36.0,166000000
2,1,60.0,36.0,166000000
2,1,60.0,36.0,166000000
2,1,60.0,36.0,166000000
2,1,60.0,36.0,166000000
2,1,60.0,36.0,166000000
2,1,60.0,36.0,166000000
2,1,60.0,36.0,166000000
2,1,60.0,36.0,166000000
2,1,60.0,36.0,166000000
2,1,60.0,36.0,166000000
2,1,60.0,36.0,166000000
2,1,60.0,36.0,166000000
2,1,60.0,36.0,166000000
2,1,60.0,36.0,166000000
2,1,60.0,36.0,166000000
2,1,60.0,36.0,166000000
2,1,60.0,36.0,166000000
2,1,60.0,36.0,166000000
2,1,60.0,36.0,166000000
2,1,60.0,36.0,166000000
2,1,60.0,36.0,166000000
2,1,60.0,36.0,166000000
2,1,60.0,36.0,166000000
2,1,60.0,36.0,166000000
2,1,60.0,36.0,166000000
2,1,60.0,36.0,166000000
2,1,60.0,36.0,166000000
2,1,60.0,36.0,166000000
2,1,60.0,36.0,166000000
2,1,60.0,36.0,166000000
2,1,60.0,36.0,166000000
2,1,60.0,36.0,166000000
2,1,60.0,36.0,166000000
2,1,60.0,36.0,166000000
2,1,60.0,36.0,166000000
2,1,60.0,36.0,166000000
2,1,60.0,36.0,166000000
2,1,60.0,36.0,166000000
2,1,60.0,36.0,166000000
2,1,60.0,36.0,166000000
2,1,60.0,36.0,166000000
2,1,60.0,36.0,166000000
2,1,60.0,36.0,166000000
2,1,60.0,36.0,166000000
2,1,60.0,36.0,166000000
2,1,60.0,36.0,166000000
2,1,60.0,36.0,166000000
2,1,60.0,36.0,166000000
2,1,60.0,36.0,166000000
2,1,60.0,36.0,166000000
2,1,60.0,36.0,166000000
2,1,60.0,36.0,166000000
2,1,60.0,36.0,166000000
2,1,60.0,36.0,166000000
2,1,60.0,36.0,166000000
2,1,60.0,36.0,166000000
2,1,60.0,36.0,166000000
2,1,60.0,36.0,166000000
2,1,60.0,36.0,166000000
2,1,60.0,36.0,166000000
2,1,60.0,36.0,166000000
2,1,60.0,36.0,166000000
2,1,60.0,36.0,166000000
2,1,60.0,36.0,166000000
2,1,60.0,36.0,166000000
2,1,60.0,36.0,166000000
2,1,60.0,36.0,166000000
2,1,60.0,36.0,166000000
2,1,60.0,36.0,166000000
2,1,60.0,36.0,166000000
2,1,60.0,36.0,166000000
2,1,60.0,36.0,166000000
2,1,60.0,36.0,166000000
2,1,60.0,36.0,166000000
2,1,60.0,36.0,166000000
2,1,60.0,36.0,166000000
2,1,60.0,36.0,166000000
2,1,60.0,36.0,166000000
2,1,60.0,36.0,166000000
2,1,60.0,36.0,166000000
2,1,60.0,36.0,166000000
2,1,60.0,36.0,166000000
2,1,60.0,36.0,166000000
2,1,60.0,36.0,166000000
2,1,60.0,36.0,166000000
2,1,60.0,36.0,166000000
2,1,60.0,36.0,166000000
2,1,60.0,36.0,166000000
2,1,60.0,36.0,166000000
2,1,60.0,36.0,166000000
2,1,60.0,36.0,166000000
2,1,60.0,36.0,166000000
2,1,60.0,36.0,166000000
2,1,60.0,36.0,166000000
2,1,60.0,36.0,166000000
2,1,60.0,36.0,166000000
2,1,60.0,36.0,166000000
2,1,60.0,36.0,166000000
2,1,60.0,36.0,166000000
2,1,60.0,36.0,166000000
2,1,60.0,36.0,166000000
2,1,60.0,36.0,166000000
2,1,60.0,36.0,166000000
2,1,60.0,36.0,166000000
2,1,60.0,36.0,166000000
2,1,60.0,36.0,166000000
2,1,60.0,36.0,166000000
2,1,60.0,36.0,166000000
2,1,60.0,36.0,166000000
2,1,60.0,36.0,166000000
2,1,60.0,36.0,166000000
2,1,60.0,36.0,166000000
2,1,60.0,36.0,166000000
4,2,690.0,112.0,1800000000
2,1,60.0,36.0,166000000
2,1,60.0,36.0,166000000
2,1,60.0,36.0,166000000
2,1,60.0,36.0,166000000
2,1,60.0,36.0,166000000
2,1,60.0,36.0,166000000
2,1,60.0,36.0,166000000
2,1,60.0,32.0,166000000
2,2,75.0,75.0,220000000
2,1,60.0,36.0,35000000
3,2,300.0,230.0,600000000
2,1,1800.0,300.0,700000000
2,1,60.0,36.0,166000000
2,1,60.0,36.0,166000000
4,4,800.0,150.0,1700000000
3,2,340.0,340.0,800000000
2,1,70.0,36.0,250000000
3,1,200.0,100.0,150000000
2,1,36.0,60.0,166000000
2,1,60.0,36.0,166000000
2,1,60.0,36.0,166000000
2,1,60.0,36.0,166000000
2,1,60.0,36.0,166000000
2,1,60.0,36.0,166000000
2,1,60.0,36.0,166000000
2,1,60.0,36.0,166000000
2,1,60.0,36.0,166000000
2,1,60.0,36.0,166000000
2,1,60.0,36.0,166000000
2,1,60.0,36.0,166000000
2,1,60.0,36.0,166000000
2,1,60.0,36.0,166000000
2,1,60.0,36.0,166000000
2,1,60.0,36.0,166000000
2,1,60.0,36.0,166000000
2,1,60.0,36.0,166000000
2,1,60.0,36.0,166000000
2,1,60.0,36.0,166000000
2,1,60.0,36.0,166000000
2,1,60.0,36.0,166000000
2,1,60.0,36.0,166000000
2,1,60.0,36.0,166000000
2,1,60.0,36.0,166000000
2,1,60.0,36.0,166000000
2,1,60.0,36.0,166000000
2,1,60.0,36.0,166000000
2,1,60.0,36.0,166000000
2,1,84.0,36.0,300000000
2,1,60.0,60.0,239000000
2,1,60.0,60.0,79000000
2,1,123.0,120.0,400000000
3,2,1000.0,200.0,1750000000
2,1,60.0,36.0,166000000
2,1,60.0,36.0,166000000
2,1,60.0,36.0,166000000
2,1,60.0,36.0,166000000
2,1,60.0,36.0,166000000
2,1,60.0,36.0,166000000
2,1,60.0,36.0,166000000
2,1,60.0,36.0,166000000
2,1,60.0,36.0,166000000
2,1,60.0,36.0,166000000
2,1,60.0,36.0,166000000
2,1,60.0,36.0,166000000
2,1,60.0,36.0,166000000
2,1,60.0,36.0,166000000
2,1,60.0,36.0,166000000
2,1,60.0,36.0,166000000
2,1,60.0,36.0,166000000
2,1,60.0,36.0,166000000
2,1,60.0,36.0,166000000
2,1,60.0,36.0,166000000
2,1,60.0,36.0,166000000
2,1,60.0,36.0,166000000
2,1,60.0,36.0,166000000
2,1,60.0,36.0,166000000
2,1,60.0,36.0,166000000
2,1,60.0,36.0,166000000
2,1,60.0,36.0,166000000
2,1,60.0,36.0,166000000
2,1,60.0,36.0,166000000
2,1,60.0,36.0,166000000
2,1,60.0,36.0,166000000
2,1,60.0,36.0,166000000
2,1,60.0,36.0,166000000
2,1,60.0,36.0,166000000
2,1,60.0,36.0,166000000
2,1,60.0,36.0,166000000
2,1,60.0,36.0,166000000
2,1,60.0,36.0,166000000
2,1,60.0,36.0,166000000
2,1,60.0,36.0,166000000
2,1,60.0,36.0,166000000
2,1,60.0,36.0,166000000
2,1,60.0,36.0,166000000
2,1,60.0,36.0,166000000
2,1,60.0,36.0,166000000
2,1,60.0,36.0,166000000
2,1,60.0,36.0,166000000
2,1,60.0,36.0,166000000
2,1,60.0,36.0,166000000
2,1,60.0,36.0,166000000
2,1,60.0,36.0,166000000
2,1,60.0,36.0,166000000
2,1,60.0,36.0,166000000
2,1,60.0,36.0,166000000
2,1,60.0,36.0,166000000
2,1,60.0,36.0,166000000
2,1,60.0,36.0,166000000
2,1,60.0,36.0,166000000
2,1,60.0,36.0,166000000
2,1,60.0,36.0,166000000
2,1,60.0,36.0,166000000
2,1,60.0,36.0,166000000
2,1,60.0,36.0,166000000
2,1,60.0,36.0,166000000
2,1,60.0,36.0,166000000
2,1,60.0,36.0,166000000
2,1,60.0,36.0,166000000
2,1,60.0,36.0,166000000
2,1,60.0,36.0,166000000
2,1,60.0,36.0,166000000
2,1,60.0,36.0,166000000
2,1,60.0,36.0,166000000
2,1,60.0,36.0,166000000
2,1,60.0,36.0,166000000
2,1,60.0,36.0,166000000
2,1,60.0,36.0,166000000
2,1,60.0,36.0,166000000
2,1,60.0,38.84,46225659
2,1,60.0,36.0,166000000
2,1,60.0,36.0,166000000
2,1,60.0,36.0,166000000
2,1,60.0,36.0,166000000
2,1,60.0,36.0,166000000
2,1,60.0,36.0,166000000
2,1,60.0,36.0,166000000
2,1,60.0,36.0,166000000
2,1,60.0,36.0,166000000
2,1,59.77,36.23,35379794
2,1,60.0,36.0,166000000
2,1,60.0,36.0,166000000
2,1,60.0,36.0,166000000
2,1,44.18,62.04,166000000
2,1,60.0,36.0,166000000
2,1,60.0,36.0,166000000
2,1,60.0,36.0,166000000
2,1,60.0,36.0,166000000
2,1,60.0,36.0,166000000
2,1,60.0,36.0,166000000
2,1,60.0,36.0,166000000
2,1,60.0,36.0,166000000
2,1,60.0,36.0,166000000
2,1,60.0,36.0,166000000
2,1,60.0,36.0,166000000
2,1,60.0,36.0,166000000
2,1,60.0,36.0,166000000
2,1,60.0,36.0,166000000
2,1,60.0,36.0,166000000
2,1,60.0,33.28,166000000
2,1,60.0,36.0,166000000
2,1,60.0,36.0,166000000
2,1,60.0,36.0,166000000
2,1,60.0,36.0,166000000
2,1,60.0,36.0,166000000
2,1,60.0,36.0,166000000
2,1,60.0,36.0,166000000
2,1,60.0,36.0,166000000
2,1,60.0,36.0,166000000
2,1,60.0,36.0,166000000
2,1,60.0,36.0,166000000
2,1,60.0,36.0,166000000
2,1,60.0,36.0,166000000
2,1,60.0,36.0,166000000
2,1,60.0,36.0,166000000
2,1,60.0,36.0,166000000
2,1,60.0,36.0,166000000
2,1,60.0,36.0,166000000
2,1,60.0,36.0,166000000
2,1,60.0,36.0,166000000
2,1,60.0,36.0,166000000
2,1,60.0,36.0,166000000
2,1,60.0,36.0,166000000
2,1,60.0,36.0,166000000
2,1,60.0,36.0,166000000
2,1,60.0,36.0,166000000
2,1,60.0,36.0,166000000
2,1,60.0,36.0,166000000
2,1,60.0,36.0,166000000
2,1,60.0,36.0,166000000
2,1,60.0,36.0,166000000
2,1,60.0,36.0,166000000
2,1,60.0,36.0,166000000
2,1,60.0,36.0,166000000
2,1,60.0,36.0,166000000
2,1,60.0,36.0,166000000
2,1,60.0,36.0,166000000
2,1,60.0,36.0,166000000
2,1,60.0,36.0,166000000
2,1,60.0,36.0,166000000
2,1,60.0,36.0,166000000
2,1,60.0,36.0,166000000
2,1,60.0,36.0,166000000
2,1,60.0,36.0,166000000
2,1,60.0,36.0,166000000
2,1,60.0,36.0,166000000
2,1,60.0,36.0,166000000
2,1,60.0,36.0,166000000
2,1,60.0,36.0,166000000
2,1,60.0,36.0,166000000
2,1,60.0,36.0,166000000
2,1,60.0,36.0,166000000
2,1,60.0,36.0,166000000
2,1,60.0,36.0,166000000
2,1,60.0,36.0,166000000
2,1,60.0,36.0,166000000
2,1,60.0,36.0,166000000
2,1,60.0,36.0,166000000
2,1,60.0,36.0,166000000
2,1,60.0,36.0,166000000
2,1,60.0,36.0,166000000
2,1,60.0,36.0,166000000
2,1,60.0,57.39,119658596
2,1,60.0,36.0,166000000
2,1,60.0,36.0,166000000
2,1,60.0,36.0,166000000
2,1,60.0,36.0,166000000
2,1,60.0,36.0,166000000
2,1,60.0,36.0,166000000
2,1,60.0,36.0,166000000
2,1,60.0,36.0,166000000
2,1,162.91,117.45,147272705
2,1,60.0,36.0,166000000
2,1,60.0,36.0,166000000
2,1,60.0,36.0,166000000
2,1,60.0,36.0,166000000
2,1,60.0,36.0,166000000
2,1,60.0,36.0,166000000
2,1,60.0,36.0,166000000
2,1,60.0,36.0,166000000
2,1,60.0,36.0,166000000
2,1,60.0,36.0,166000000
2,1,60.0,36.0,166000000
2,1,60.0,36.0,166000000
2,1,60.0,36.0,166000000
2,1,60.0,36.0,166000000
2,1,60.0,36.0,166000000
2,1,60.0,36.0,166000000
2,1,60.0,36.0,166000000
2,1,60.0,36.0,166000000
2,1,60.0,36.0,166000000
2,1,60.0,36.0,166000000
2,1,60.0,36.0,166000000
2,1,60.0,36.0,166000000
2,1,60.0,36.0,166000000
2,1,60.0,36.0,166000000
2,1,60.0,36.0,166000000
2,1,60.0,36.0,166000000
2,1,60.0,36.0,166000000
2,1,60.0,36.0,166000000
2,1,60.0,36.0,166000000
2,1,60.0,36.0,166000000
2,1,60.0,36.0,166000000
2,1,60.0,36.0,166000000
2,1,60.0,36.0,166000000
2,1,60.0,36.0,166000000
2,1,60.0,36.0,166000000
2,1,60.0,36.0,166000000
2,1,60.0,36.0,166000000
2,1,60.0,36.0,166000000
2,1,60.0,36.0,166000000
2,1,60.0,36.0,166000000
2,1,60.0,36.0,166000000
2,1,60.0,36.0,166000000
2,1,60.0,36.0,166000000
2,1,60.0,36.0,166000000
2,1,60.0,36.0,166000000
2,1,60.0,36.0,166000000
2,1,60.0,36.0,166000000
2,1,60.0,36.0,166000000
2,1,60.0,36.0,166000000
2,1,60.0,36.0,166000000
2,1,60.0,36.0,166000000
2,1,60.0,36.0,166000000
2,1,60.0,36.0,166000000
2,1,60.0,36.0,166000000
2,1,60.0,36.0,166000000
2,1,60.0,36.0,166000000
2,1,60.0,36.0,166000000
2,1,60.0,36.0,166000000
2,1,60.0,36.0,166000000
2,1,60.0,36.0,166000000
2,1,60.0,36.0,166000000
2,1,60.0,36.0,166000000
2,1,60.0,36.0,166000000
2,1,60.0,36.0,166000000
2,1,60.0,36.0,166000000
2,1,60.0,36.0,166000000
2,1,60.0,36.0,166000000
2,1,60.0,36.0,166000000
2,1,60.0,36.0,166000000
2,1,60.0,36.0,166000000
2,1,60.0,36.0,166000000
2,1,60.0,36.0,166000000
2,1,60.0,36.0,166000000
2,1,60.0,36.0,166000000
2,1,60.0,36.0,166000000
2,1,60.0,36.0,166000000
2,1,60.0,36.0,166000000
2,1,60.0,36.0,166000000
2,1,60.0,36.0,166000000
2,1,60.0,36.0,166000000
2,1,60.0,36.0,166000000
2,1,60.0,36.0,166000000
2,1,60.0,36.0,166000000
2,1,60.0,36.0,166000000
2,1,60.0,36.0,166000000
2,1,60.0,36.0,166000000
2,1,60.0,36.0,166000000
2,1,60.0,36.0,166000000
2,1,60.0,36.0,166000000
2,1,60.0,33.59,166000000
2,1,60.0,36.0,166000000
2,1,60.0,36.0,166000000
2,1,60.0,36.0,166000000
2,1,60.0,36.0,166000000
2,1,60.0,36.0,166000000
2,1,60.0,36.0,166000000
2,1,60.0,36.0,166000000
2,1,163.22,117.31,147295679
2,1,60.0,36.0,166000000
2,1,60.0,36.0,166000000
2,1,60.0,36.0,166000000
2,1,60.0,36.0,166000000
2,1,60.0,36.0,166000000
2,1,60.0,36.0,166000000
2,1,60.0,36.0,166000000
2,1,60.0,36.0,166000000
2,1,60.0,36.0,166000000
2,1,60.0,36.0,166000000
2,1,60.0,36.0,166000000
2,1,60.0,36.0,166000000
2,1,60.0,36.0,166000000
2,1,60.0,36.0,166000000
2,1,60.0,36.0,166000000
2,1,60.0,36.0,166000000
2,1,60.0,36.0,166000000
2,1,60.0,36.0,166000000
2,1,60.0,36.0,166000000
2,1,60.0,36.0,166000000
2,1,60.0,36.0,166000000
2,1,60.0,36.0,166000000
2,1,60.0,36.0,166000000
2,1,60.0,36.0,166000000
2,1,60.0,36.0,166000000
2,1,60.0,36.0,166000000
2,1,60.0,36.0,166000000
2,1,60.0,36.0,166000000
2,1,60.0,36.0,166000000
2,1,60.0,36.0,166000000
2,1,60.0,36.0,166000000
2,1,60.0,36.0,166000000
2,1,60.0,36.0,166000000
2,1,60.0,36.0,166000000
2,1,60.0,36.0,166000000
2,1,60.0,36.0,166000000
2,1,60.0,36.0,166000000
2,1,60.0,36.0,166000000
2,1,60.0,36.0,166000000
2,1,60.0,36.0,166000000
2,1,60.0,36.0,166000000
2,1,60.0,36.0,166000000
2,1,60.0,36.0,166000000
2,1,60.0,36.0,166000000
2,1,60.0,36.0,166000000
2,1,60.0,36.0,166000000
2,1,60.0,36.0,166000000
2,1,60.0,36.0,166000000
2,1,60.0,36.0,166000000
2,1,60.0,36.0,166000000
2,1,60.0,36.0,166000000
2,1,60.0,36.0,166000000
2,1,60.0,36.0,166000000
2,1,60.0,36.0,166000000
2,1,60.0,36.0,166000000
2,1,60.0,36.0,166000000
2,1,60.0,36.0,166000000
2,1,60.0,36.0,166000000
2,1,60.0,36.0,166000000
2,1,60.0,36.0,166000000
2,1,60.0,36.0,166000000
2,1,60.0,36.0,166000000
2,1,60.0,36.0,166000000
2,1,60.0,38.87,46377403
2,1,60.0,36.0,166000000
2,1,60.0,36.0,166000000
2,1,60.0,36.0,166000000
2,1,60.0,36.0,166000000
2,1,60.0,36.0,166000000
2,1,60.0,36.0,166000000
2,1,60.0,36.0,166000000
2,1,60.0,36.0,166000000
2,1,60.0,36.0,166000000
2,1,60.0,36.0,166000000
2,1,60.0,36.0,166000000
2,1,60.0,36.0,166000000
2,1,60.0,36.0,166000000
2,1,60.0,36.0,166000000
2,1,60.0,36.0,166000000
2,1,60.0,36.0,166000000
2,1,71.1,68.5,214798175
2,1,71.43,69.04,215235277
2,1,63.78,50.93,243155018
2,1,62.79,48.82,206868596
2,1,60.0,47.92,242020633
2,1,62.34,44.55,188311457
2,1,62.98,52.86,242273987
2,1,73.5,71.1,222499622
2,1,60.8,51.34,201069706
1,1,64.83,62.84,280829170
2,1,62.29,62.29,236095720
2,1,66.45,44.52,246096043
2,1,60.0,58.96,239259195
2,1,60.0,52.24,240939381
1,1,67.1,49.51,264475628
2,1,67.6,55.77,232325641
1,1,64.0,64.0,280000000
2,1,60.55,48.72,197248876
1,1,66.39,52.87,268073228
2,1,95.6,69.03,291074061
2,1,67.87,36.0,248936361
2,1,60.81,38.1,243654864
1,1,74.06,74.06,280000000
1,1,69.32,39.18,253403938
2,1,73.96,72.31,221726772
2,1,74.61,74.61,220489284
1,1,83.92,36.11,299918625
2,2,107.43,107.43,280000000
2,1,60.0,42.31,243422213
2,1,66.81,53.71,233647894
1,1,77.53,77.53,280000000
2,1,74.53,73.78,220783701
1,1,70.24,55.26,286239400
2,1,61.63,36.0,245815181
2,1,68.67,39.2,248535556
2,1,72.58,68.7,224037981
1,1,75.48,47.93,291478170
1,1,74.24,74.24,280000000
2,1,94.31,65.35,292066968
2,2,107.19,102.0,282162062
2,1,61.47,36.0,245733024
2,1,60.0,47.68,242079957
2,1,60.0,54.4,240399368
1,1,64.0,64.0,280000000
2,1,60.82,56.72,229556558
2,1,73.21,73.21,222273161
2,1,63.55,63.55,234502981
2,1,60.55,57.78,232630866
2,1,68.88,68.88,227754114
2,1,69.75,69.75,226654147
2,1,70.62,63.62,227295470
2,1,65.18,47.56,244701663
2,1,69.33,65.55,212440248
1,1,69.9,55.74,285898313
2,2,103.53,91.59,284974483
1,1,79.19,79.19,280000000
2,1,68.48,68.48,228254585
2,1,63.81,56.34,205073643
2,1,68.92,59.2,230130052
2,1,60.0,55.71,222287448
2,1,71.11,68.52,214819477
1,1,79.34,42.52,295343897
1,1,64.0,64.0,280000000
1,1,69.12,56.84,285115767
2,1,60.0,43.66,243086237
2,1,68.14,45.26,181875324
1,1,72.0,52.79,288004458
1,1,74.45,49.38,290445702
2,1,60.0,50.83,203232762
1,1,73.43,50.79,289432598
2,1,68.45,57.98,230908396
1,1,73.1,73.1,280000000
2,1,60.33,50.55,200441987
2,1,60.0,46.66,242336030
2,1,64.06,43.74,192265361
2,1,60.0,58.96,239260405
2,1,73.87,73.12,218492867
2,1,73.79,71.85,222022107
2,1,62.53,53.93,241782892
2,1,64.17,40.26,179137666
2,1,65.55,37.81,175204984
2,2,105.68,97.7,283324309
2,1,67.95,44.46,180840455
1,1,77.55,77.55,280000000
1,1,64.0,64.0,280000000
1,1,77.94,44.49,293938501
2,1,62.31,44.62,188473945
1,1,64.0,64.0,280000000
1,1,67.9,67.9,280000000
2,1,74.38,74.38,220784654
1,1,65.16,62.38,281157278
2,1,66.05,36.0,248027391
2,1,61.07,36.0,245533780
1,1,64.0,64.0,280000000
2,1,68.3,36.0,249151600
2,1,66.47,44.48,246115332
1,1,71.77,53.13,287765368
1,1,79.41,42.42,295412105
2,1,63.99,46.37,238351552
2,2,93.42,93.42,280000000
2,1,62.6,36.0,246299749
2,1,66.8,66.8,230388424
1,1,64.0,64.0,280000000
2,1,68.52,46.91,183988175
1,1,64.0,64.0,280000000
2,1,62.38,50.47,211591950
2,1,61.63,46.21,191871271
2,1,67.2,41.19,176659256
2,1,69.24,37.83,249161796
2,1,60.0,37.43,244643191
1,1,75.67,47.67,291667219
2,1,68.72,68.72,227957910
2,1,65.52,37.13,172424703
2,1,73.76,71.77,222068711
1,1,64.0,64.0,280000000
2,1,62.69,43.72,186547636
1,1,67.3,59.38,283296685
2,1,63.53,45.87,198376603
2,1,63.34,44.67,239440057
1,1,67.12,49.45,264411102
1,1,64.29,63.59,280294279
1,1,76.47,46.55,292465221
2,1,60.0,42.01,243497470
2,1,60.0,50.57,241357937
2,1,60.0,40.1,243974985
2,1,62.59,43.97,187072444
2,1,60.0,50.64,202476961
2,1,60.37,59.12,239405041
2,1,65.2,39.21,179235796
2,1,65.92,36.19,170410159
2,2,106.53,106.53,280000000
1,1,70.17,55.37,286165712
2,1,68.02,63.36,210686926
2,1,60.0,57.5,229246519
1,1,64.52,61.57,277394973
1,1,83.08,83.08,280000000
2,1,70.89,64.32,226846979
2,1,64.54,39.4,177287564
1,1,67.73,46.58,261335516
2,1,60.0,41.79,243553491
2,1,71.92,71.92,223895861
1,1,75.57,75.57,280000000
2,1,61.65,46.15,191758046
2,2,104.61,94.67,284144553
2,1,87.17,45.01,297564413
1,1,75.18,75.18,280000000
2,1,85.22,39.47,299062071
1,1,76.36,76.36,280000000
2,1,60.22,36.0,245110924
2,1,67.47,62.45,209963304
1,1,74.48,49.33,290475786
2,1,60.0,58.31,232423488
2,1,60.0,52.61,240846663
2,1,72.25,70.41,216327715
2,1,60.0,59.68,237750977
2,1,60.53,48.76,197347753
2,1,71.88,66.88,225204554
1,1,82.86,82.86,280000000
2,2,87.92,87.92,280000000
1,1,64.0,64.0,280000000
2,1,62.15,54.83,241368649
2,1,63.61,51.34,242967025
2,1,72.08,72.08,223704151
1,1,64.58,61.29,277094532
2,2,92.39,92.39,280000000
2,1,84.51,37.45,299609255
2,1,69.12,59.72,229797804
2,1,63.82,41.09,180900670
2,1,64.45,36.0,247225922
2,1,86.37,42.73,298179958
2,1,91.11,56.25,294527941
1,1,84.82,84.82,280000000
2,2,98.28,76.63,289018209
2,2,105.88,105.88,280000000
2,1,64.21,43.15,190559202
2,1,70.71,56.42,196180114
2,1,91.86,58.37,293952837
1,1,73.36,73.36,280000000
1,1,85.13,85.13,280000000
1,1,67.16,59.58,283158172
2,1,62.31,54.45,241541905
2,1,66.6,38.58,173311799
2,1,60.69,51.15,200917225
2,2,100.14,81.94,287583886
2,1,60.0,53.47,213549123
2,1,64.75,41.02,184430025
2,1,62.52,49.91,209995845
1,1,77.17,45.56,293168736
2,1,65.37,36.0,247686317
2,1,60.0,48.96,241760715
2,1,62.49,44.19,187542983
2,1,69.0,69.0,227605709
2,1,70.47,67.44,213953351
1,1,72.28,72.28,280000000
2,1,64.55,57.59,206069971
2,1,64.12,50.12,243528273
1,1,64.0,64.0,280000000
2,1,67.73,67.73,229210515
2,2,108.76,108.76,280000000
2,1,63.98,50.45,243378711
2,1,63.36,55.6,204476981
2,1,61.07,47.51,194653719
2,1,63.93,44.28,193810701
2,1,60.0,44.34,242914285
2,1,60.32,59.24,239349851
1,1,64.0,64.0,280000000
2,1,62.79,43.48,186032705
2,1,65.34,58.9,207119830
2,2,107.25,102.17,282115655
2,1,73.07,73.07,222446220
2,1,66.7,36.0,248349502
2,1,60.0,52.28,240929497
2,2,105.75,105.75,280000000
2,1,64.81,36.0,247405727
2,1,61.87,45.63,190633542
2,1,67.67,67.67,229278517
1,1,80.86,40.4,296860446
2,1,69.34,60.29,229432149
1,1,64.05,63.93,280051900
2,1,60.0,39.16,244209807
2,1,60.0,57.97,239507102
2,1,68.96,59.29,230068048
2,1,74.79,74.46,220343575
2,1,66.95,61.59,209268187
2,1,73.86,73.86,221443207
2,1,63.54,63.54,234513786
2,1,60.0,54.24,240440268
1,1,73.37,50.88,289374685
2,1,62.79,53.29,242074323
2,1,60.0,58.5,239374048
1,1,81.05,40.14,297045218
2,1,62.0,53.33,202662339
2,1,70.31,70.31,225943855
1,1,71.16,71.16,280000000
1,1,75.52,75.52,280000000
1,1,83.39,36.85,299390557
2,2,106.55,100.17,282655700
2,1,65.31,65.31,232271213
1,1,76.06,47.12,292056723
2,1,73.43,72.38,217902617
2,1,61.58,46.32,192122156
2,1,60.0,51.82,207109071
2,1,95.34,68.27,291279302
2,1,72.61,71.02,216814200
1,1,65.78,61.5,281784087
2,1,63.21,42.51,183939933
2,1,90.06,53.26,295335672
2,1,60.0,53.43,213374148
2,1,67.11,67.11,229994571
1,1,80.33,80.33,280000000
1,1,80.15,80.15,280000000
2,1,67.81,67.81,229112060
2,1,65.84,36.0,247920997
2,1,71.05,64.74,226579438
1,1,66.65,51.62,266732268
2,1,62.48,50.08,210470945
2,2,98.68,77.77,288710829
2,1,66.21,36.0,248106137
1,1,67.98,45.45,260123405
2,1,60.0,59.0,235086248
2,1,65.89,59.81,207848896
1,1,75.24,75.24,280000000
2,1,67.47,67.47,229533294
1,1,79.2,79.2,280000000
1,1,65.33,62.14,281326164
2,1,74.89,74.81,219849313
2,1,63.38,44.79,239366680
2,1,65.48,65.48,232058220
2,1,67.32,62.2,209756196
1,1,70.86,70.86,280000000
2,2,107.71,103.5,281757752
2,2,101.07,101.07,280000000
1,1,66.56,66.56,280000000
2,2,102.75,102.75,280000000
1,1,69.69,37.45,251549064
1,1,64.84,64.84,280000000
2,2,102.12,87.58,286060771
2,2,109.87,109.87,280000000
1,1,68.76,68.76,280000000
1,1,83.5,83.5,280000000
2,1,60.0,37.98,244504374
2,1,69.95,36.0,249973500
2,1,60.25,59.4,239274261
1,1,86.57,86.57,280000000
1,1,76.75,76.75,280000000
1,1,72.24,72.24,280000000
2,1,64.22,64.22,233650688
2,1,68.03,68.03,228834302
2,2,88.08,88.08,280000000
2,1,62.42,42.3,240964564
2,1,63.08,44.0,239873061
1,1,64.64,63.1,280640119
1,1,78.22,44.09,294219050
2,1,68.0,40.79,247805424
1,1,64.0,64.0,280000000
2,1,64.7,48.72,244171760
2,1,60.0,52.97,240756619
1,1,65.39,57.5,273033385
2,1,86.27,42.46,298254196
2,2,87.28,87.28,280000000
1,1,82.64,37.9,298640287
1,1,68.08,44.98,259619266
2,2,91.32,91.32,280000000
2,1,69.46,65.77,212615390
2,2,89.1,89.1,280000000
1,1,74.97,48.64,290972062
2,1,64.51,36.0,247255390
2,1,60.0,40.84,243789617
1,1,64.0,64.0,280000000
1,1,64.0,64.0,280000000
2,2,103.61,103.61,280000000
2,1,60.0,50.03,200105725
2,1,60.0,57.2,239700176
2,1,96.3,71.01,290536676
1,1,76.12,47.03,292122038
1,1,64.0,64.0,280000000
2,1,61.07,57.44,240173692
2,1,87.88,47.05,297014549
2,1,63.81,56.35,205080509
2,1,60.0,50.2,241451110
2,2,108.26,105.04,281341239
1,1,64.0,64.0,280000000
2,1,71.92,71.92,223895034
1,1,76.42,46.62,292415428
2,1,85.91,41.44,298528988
2,1,64.18,64.18,233710334
2,1,74.28,73.8,219038107
2,1,71.72,69.54,215630290
2,1,62.58,54.3,203441182
2,1,60.0,57.51,229269575
1,1,73.22,73.22,280000000
2,1,64.95,38.45,175246020
2,1,62.8,54.66,203728100
1,1,68.71,57.4,284713835
2,1,63.8,41.13,180987243
1,1,68.24,68.24,280000000
2,1,60.0,43.59,243102821
2,1,60.0,45.88,242529840
1,1,70.34,55.12,286340359
1,1,74.96,48.65,290961028
1,1,78.28,44.01,294275649
2,1,61.0,57.59,240103658
2,1,69.36,69.36,227142071
2,1,65.4,36.0,247698905
2,2,98.59,77.53,288774894
2,1,68.66,64.44,211549725
2,1,60.0,51.47,241132175
1,1,64.0,64.0,280000000
1,1,73.36,50.89,289362850
1,1,64.0,64.0,280000000
1,1,79.42,42.41,295419492
2,1,66.86,61.43,209143014
2,1,60.0,49.64,241589169
1,1,79.31,79.31,280000000
1,1,76.39,76.39,280000000
1,1,78.09,78.09,280000000
1,1,64.0,64.0,280000000
2,1,73.18,73.18,222306047
2,1,67.43,55.32,232614409
2,2,98.11,98.11,280000000
2,2,90.36,90.36,280000000
2,2,109.94,109.83,280046148
2,1,62.48,54.06,241723566
2,1,60.0,57.07,227572238
2,1,60.0,57.79,230364306
2,2,106.28,99.41,282862560
2,1,71.93,71.93,223886347
1,1,64.0,64.0,280000000
1,1,64.0,64.0,280000000
2,1,90.38,54.16,295092706
2,1,73.46,72.43,217941679
1,1,66.78,51.02,266094441
2,1,66.21,36.0,248105892
1,1,67.26,48.8,263710007
1,1,82.22,82.22,280000000
1,1,66.99,50.06,265068650
2,1,66.9,61.5,209202787
2,1,60.0,47.67,242081855
1,1,82.81,82.81,280000000
2,1,64.63,39.19,176843541
1,1,64.0,64.0,280000000
1,1,75.97,47.24,291968854
2,1,63.39,42.08,183034750
2,1,64.26,57.1,205676419
2,1,68.99,68.99,227618442
2,1,88.5,48.82,296535977
1,1,64.0,64.0,280000000
2,1,65.14,65.14,232492039
1,1,79.45,42.37,295452980
2,2,98.99,78.65,288471937
1,1,78.24,44.06,294241408
2,1,66.15,45.24,245764453
1,1,82.24,38.47,298237048
2,1,67.25,41.43,176955810
1,1,66.02,61.18,282015892
2,2,98.22,98.22,280000000
2,1,62.74,36.0,246369522
2,1,94.58,66.12,291859258
1,1,64.0,64.0,280000000
2,1,69.19,37.95,249106256
2,1,60.0,57.9,230813301
1,1,64.0,64.0,280000000
1,1,80.04,80.04,280000000
1,1,64.0,64.0,280000000
2,2,92.78,92.78,280000000
2,1,66.62,38.69,173446077
2,1,73.84,71.98,221933027
1,1,64.0,64.0,280000000
2,1,62.39,53.99,203191207
1,1,64.54,61.5,277320586
2,1,60.74,48.28,196315677
2,1,63.54,55.9,204718121
2,2,105.7,97.75,283310410
1,1,72.57,72.57,280000000
1,1,71.48,71.48,280000000
1,1,64.0,64.0,280000000
2,1,64.67,48.15,237213893
2,1,89.91,52.83,295452088
2,1,65.88,65.88,231549993
2,1,66.21,36.0,248103472
2,1,62.56,53.86,241813254
2,1,67.94,36.0,248972101
2,1,73.09,66.72,209389494
2,1,69.06,69.06,227529291
1,1,66.29,60.8,282285346
1,1,72.29,52.39,288290092
2,1,60.82,48.09,195905544
2,1,61.16,61.16,237536244
2,1,65.34,36.0,247671499
2,1,62.89,43.27,185574891
2,2,107.88,103.97,281630906
2,2,99.26,79.44,288258636
2,2,108.49,108.49,280000000
2,1,61.31,39.4,242818737
2,1,63.72,63.72,234283698
1,1,83.43,83.43,280000000
2,1,60.0,56.03,239993080
2,1,65.8,36.81,172337662
2,2,95.67,95.67,280000000
2,2,99.9,99.9,280000000
2,1,60.0,53.34,240665523
2,1,62.2,54.72,241421069
1,1,64.0,64.0,280000000
2,1,67.27,67.27,229788300
1,1,64.0,64.0,280000000
2,2,98.07,76.03,289179780
2,2,89.64,89.64,280000000
2,2,103.59,103.59,280000000
2,1,68.03,56.87,231623257
2,1,60.0,55.57,240106777
2,1,64.49,64.49,233307678
2,1,63.1,52.56,242409306
2,1,69.58,51.5,189865906
2,1,68.6,58.36,230669723
1,1,80.0,41.61,295995640
2,2,100.92,84.15,286987740
2,1,60.0,48.76,241809391
2,1,60.0,56.25,224374063
1,1,81.38,81.38,280000000
1,1,64.98,59.42,275096944
2,1,65.87,45.9,245461990
1,1,77.53,77.53,280000000
2,1,72.43,63.85,205702960
2,1,67.09,54.42,233191193
2,1,96.1,70.45,290689118
2,1,60.0,48.45,241886528
2,2,87.14,87.14,280000000
2,1,63.52,55.87,204692874
2,1,61.03,57.53,240132796
2,1,69.98,61.96,228359070
2,1,69.24,37.81,249169463
1,1,75.35,75.35,280000000
2,2,102.92,89.85,285446037
1,1,81.95,38.87,297948608
1,1,73.47,50.74,289468431
2,1,68.01,36.0,249003749
2,1,60.21,36.0,245105343
1,1,67.2,59.51,283204223
2,1,87.46,45.84,297339875
2,1,62.45,44.29,187760465
2,1,70.97,57.52,197586130
1,1,68.48,43.11,257616657
1,1,67.92,58.51,283922262
2,1,62.97,48.13,204880044
2,1,64.05,36.0,247024755
2,1,66.61,44.14,246268016
1,1,83.81,83.81,280000000
2,2,107.07,101.67,282250790
2,1,65.57,36.0,247783608
1,1,76.84,76.84,280000000
1,1,67.89,58.55,283893701
2,2,109.48,109.48,280000000
2,1,63.62,41.56,181904078
1,1,72.88,72.88,280000000
2,1,60.0,59.63,237543323
2,1,60.0,58.67,239333542
2,1,68.59,36.0,249294591
1,1,64.0,64.0,280000000
2,1,64.86,58.1,206479801
2,1,60.87,57.91,239956175
2,1,66.33,36.0,248166204
2,1,62.64,53.66,241905049
1,1,67.04,59.75,283037438
2,2,106.81,100.91,282455538
1,1,81.53,39.46,297528882
1,1,71.14,54.0,287141489
1,1,65.78,55.71,271118384
2,1,60.54,48.75,197318720
2,1,60.0,45.01,242748568
1,1,77.28,45.4,293282683
2,1,72.38,70.63,216502147
1,1,76.74,46.17,292738816
1,1,64.0,64.0,280000000
2,1,61.02,47.63,194919635
2,1,69.82,66.37,213096157
1,1,74.4,74.4,280000000
2,1,62.18,44.92,189117263
2,1,73.75,69.58,213053401
1,1,64.0,64.0,280000000
2,1,74.77,74.01,218727363
2,1,71.7,66.41,225506031
2,1,73.29,73.29,222170521
2,1,64.34,49.58,243776457
2,1,60.09,59.65,237990345
2,1,60.0,48.69,241826393
2,2,101.62,101.62,280000000
2,2,87.7,87.7,280000000
2,1,64.88,48.3,244362966
2,1,62.58,36.0,246291565
2,1,64.52,64.52,233278071
1,1,75.95,47.27,291948999
1,1,79.64,42.1,295639538
2,1,69.68,69.68,226743971
2,1,64.22,49.88,243638743
2,1,68.68,36.0,249338619
1,1,65.99,61.22,281988554
1,1,70.18,55.35,286175563
2,1,63.17,36.0,246584081
2,2,101.84,101.84,280000000
2,1,67.06,61.76,209406766
2,1,68.15,36.0,249075272
1,1,73.96,50.05,289961815
2,1,65.6,37.61,174635103
2,1,65.95,36.0,247973760
2,1,60.0,47.94,242015211
2,1,60.0,42.72,243321215
1,1,68.9,68.9,280000000
2,2,103.56,103.56,280000000
2,1,61.58,46.31,192089486
2,1,71.0,64.61,226662460
2,1,60.0,42.43,243393107
2,1,63.76,45.78,238731733
2,1,69.5,60.69,229172548
1,1,86.74,86.74,280000000
2,1,68.6,64.33,211465888
1,1,64.0,64.0,280000000
1,1,72.09,52.68,288087630
2,1,61.37,46.79,193127341
2,1,68.67,64.45,211559279
2,1,65.31,65.31,232276444
2,1,60.25,59.01,236145275
2,2,105.21,96.36,283687418
2,1,69.1,38.17,249006293
2,1,64.63,39.21,176870422
2,1,73.98,73.29,218635006
1,1,64.0,64.0,280000000
2,1,63.38,42.12,183115802
1,1,82.31,38.37,298310274
2,1,60.0,42.68,243329197
2,1,66.1,36.0,248052023
2,1,74.24,74.24,220963171
2,1,69.05,69.05,227536338
2,2,107.89,107.89,280000000
1,1,69.19,39.78,254050038
2,1,67.74,67.74,229191344
2,1,60.0,53.52,240619467
1,1,73.2,51.12,289203144
2,1,68.38,39.89,248217847
1,1,67.17,59.56,283169407
2,2,102.93,102.93,280000000
1,1,64.9,62.75,280895274
2,1,72.68,68.97,223866804
2,1,69.35,69.35,227156682
2,1,65.26,47.38,244783390
2,1,60.0,53.44,213430966
2,1,65.27,49.71,236211496
2,1,68.81,58.9,230319839
1,1,77.57,77.57,280000000
1,1,72.03,52.75,288034279
1,1,74.81,48.87,290806370
2,2,106.51,106.51,280000000
2,1,65.53,37.87,175365809
2,2,109.89,109.89,280000000
2,1,74.52,74.52,220613712
2,1,69.95,36.0,249973731
1,1,64.0,64.0,280000000
1,1,77.71,44.81,293708069
2,1,64.84,38.7,175777092
2,1,60.23,49.47,198862964
2,1,63.15,44.19,239750339
1,1,78.23,78.23,280000000
1,1,64.0,64.0,280000000
2,1,60.87,57.92,239953757
2,1,74.37,73.95,219163416
2,2,98.89,98.89,280000000
2,1,63.61,36.0,246805253
2,1,67.59,41.78,247349394
2,1,62.76,53.38,242034863
2,1,93.43,62.84,292744632
2,1,74.71,74.24,220485580
1,1,65.93,61.29,281932724
1,1,64.0,64.0,280000000
2,1,64.6,64.6,233170329
1,1,66.37,66.37,280000000
2,1,63.3,36.0,246650413
1,1,83.12,37.24,299116691
2,1,65.88,45.88,245470901
2,1,74.99,74.97,219967675
2,1,60.0,46.66,242334839
1,1,85.77,85.77,280000000
2,1,64.12,43.51,191586985
1,1,69.54,69.54,280000000
2,1,70.97,70.97,225110550
2,1,67.73,43.51,179629951
2,1,61.73,61.73,236809642
2,1,68.67,64.46,211564747
2,2,100.59,100.59,280000000
2,1,71.18,65.06,226373386
1,1,64.0,64.0,280000000
1,1,74.9,48.74,290897126
1,1,73.55,50.63,289551308
1,1,64.0,64.0,280000000
2,1,65.25,49.64,236254184
2,1,65.47,59.12,207293945
1,1,64.0,64.0,280000000
2,2,87.87,87.87,280000000
2,1,73.27,73.27,222185031
2,1,67.95,67.95,228924962
1,1,84.29,84.29,280000000
2,1,65.96,45.71,245550660
1,1,72.55,52.03,288551445
2,1,68.04,36.0,249019885
2,1,64.62,36.0,247307993
2,2,94.44,94.44,280000000
1,1,64.0,64.0,280000000
1,1,86.07,86.07,280000000
2,1,68.6,64.33,211463659
2,1,68.77,36.0,249383327
1,1,75.65,47.69,291649878
2,1,68.07,68.07,228776914
1,1,64.19,63.73,280193174
2,2,109.99,109.99,280000000
1,1,68.89,41.19,255564187
1,1,81.66,81.66,280000000
2,1,60.4,49.06,197977697
1,1,64.0,64.0,280000000
1,1,64.0,64.0,280000000
1,1,69.68,37.48,251580515
1,1,64.0,64.0,280000000
2,1,69.62,36.9,249586435
2,2,87.93,87.93,280000000
2,2,90.71,90.71,280000000
2,1,60.0,53.48,240630122
2,1,94.36,65.47,292034252
2,1,73.62,72.71,218166013
1,1,67.98,45.42,260091114
2,1,67.84,56.38,231937020
1,1,78.65,43.5,294645436
2,2,109.91,109.75,280066927
2,1,60.0,48.78,241803865
2,2,96.34,96.34,280000000
1,1,70.77,70.77,280000000
2,1,67.16,42.83,246871086
2,1,66.16,66.16,231193062
2,1,60.0,42.65,243336406
2,2,105.88,105.88,280000000
2,1,60.68,37.76,243872483
2,2,107.15,101.9,282189352
2,2,91.99,91.99,280000000
2,2,104.28,104.28,280000000
2,1,65.74,36.61,171307529
2,1,67.98,36.0,248989947
2,1,60.0,42.22,243446104
2,1,68.83,58.95,230286144
2,1,69.82,36.42,249805636
2,1,60.69,48.38,196525969
2,1,69.01,59.43,229980039
2,1,74.13,71.25,215186198
1,1,64.5,64.5,280000000
2,1,67.43,42.16,247176881
2,1,74.03,74.03,221234742
1,1,72.03,52.76,288031605
2,1,88.22,48.0,296756515
2,1,67.69,41.53,247463739
2,2,102.21,102.21,280000000
1,1,81.59,39.37,297593225
2,1,60.28,49.34,198591639
2,1,63.84,50.78,243224997
1,1,83.27,37.03,299265361
2,1,69.57,36.0,249786351
1,1,67.48,59.13,283475886
2,1,72.01,72.01,223785376
1,1,81.03,81.03,280000000
2,1,71.76,71.76,224110156
2,1,60.0,55.18,220212154
2,1,68.96,64.93,211945481
1,1,64.0,64.0,280000000
1,1,78.8,43.29,294795333
2,1,67.27,54.91,232881198
1,1,73.82,50.25,289823727
2,1,60.02,49.95,199890073
2,1,60.0,57.54,239615383
2,1,64.63,48.88,244097188
1,1,66.26,53.44,268688121
1,1,64.0,64.0,280000000
1,1,83.3,36.98,299302697
2,1,61.58,40.1,242373036
2,1,68.6,39.36,248461395
1,1,74.85,48.81,290851358
1,1,64.0,64.0,280000000
2,1,62.73,36.0,246364797
1,1,85.93,85.93,280000000
2,1,60.0,50.44,201730690
1,1,64.89,59.86,275565806
2,2,109.08,107.38,280708447
1,1,79.14,79.14,280000000
2,1,85.78,41.06,298631790
1,1,64.0,64.0,280000000
1,1,64.0,64.0,280000000
1,1,69.05,56.93,285052982
1,1,64.23,64.23,280000000
2,1,70.44,67.39,213914286
1,1,69.71,37.37,251463507
2,1,64.67,48.78,244141372
2,1,74.43,74.43,220719683
1,1,69.04,69.04,280000000
2,1,73.42,70.88,222638002
2,2,109.61,109.61,280000000
2,1,69.38,37.48,249323313
2,1,60.7,48.36,196487188
2,1,1307.55,277.02,667170068
3,2,400.0,230.91,450000000
3,2,646.98,132.09,732091864
2,1,119.82,124.54,405677880
2,2,649.3,236.29,750000000
2,2,253.69,180.81,450000000
2,1,1458.48,284.06,677231839
2,2,102.8,113.19,450000000
2,2,97.22,146.7,450000000
3,2,400.0,227.6,450000000
3,2,400.0,228.05,450000000
3,2,364.23,183.96,450000000
3,2,310.43,197.55,450000000
2,1,1625.78,273.2,700000000
3,2,118.35,73.74,450000000
3,2,345.64,180.41,450000000
3,2,152.18,101.02,450000000
2,2,119.56,148.16,450000000
3,2,171.76,97.69,450000000
2,1,121.23,113.18,406818574
3,2,396.77,198.84,450000000
3,2,370.12,184.42,635058756
2,2,129.04,143.6,450000000
2,2,214.63,175.69,450000000
2,1,135.81,75.0,371246489
3,2,199.28,127.67,450000000
3,2,133.68,87.41,450000000
2,1,116.32,94.3,425699474
3,1,178.43,105.72,460817349
5,1,146.29,96.03,480172861
2,2,1133.75,206.69,731104335
3,2,400.0,200.0,450000000
2,1,1734.38,289.9,700000000
3,2,695.32,142.65,742646326
2,1,110.95,73.67,446329381
3,2,287.25,159.37,450000000
4,1,269.01,184.55,574175561
3,2,392.04,126.2,750000000
2,2,393.91,199.2,450000000
3,2,300.09,103.04,725369095
2,1,793.13,253.01,632875161
3,2,250.44,103.8,731670043
2,2,870.33,263.98,750000000
6,1,179.85,59.01,496206834
3,2,648.71,144.33,750000000
3,2,156.45,105.23,743597708
6,1,169.37,56.43,492404865
2,2,166.48,125.55,450000000
2,2,148.19,134.37,450000000
3,2,400.0,200.0,450000000
3,2,321.35,121.21,750000000
2,1,111.34,75.16,444839420
2,2,489.43,197.95,750000000
3,2,400.0,216.62,450000000
3,2,621.64,142.42,750000000
3,2,544.03,109.61,709614451
3,2,390.93,244.69,450000000
2,1,1580.38,266.21,700000000
2,2,863.18,258.21,750000000
2,2,163.31,127.08,450000000
2,2,878.19,282.26,745564873
2,1,1670.8,281.9,706031794
2,2,829.3,230.88,750000000
3,2,400.0,210.32,450000000
3,2,356.48,102.19,718213493
4,1,144.76,62.05,474829136
2,1,114.02,85.48,434519741
3,2,400.0,248.03,450000000
3,2,400.0,200.0,450000000
3,2,260.61,168.37,450000000
3,2,678.06,146.4,750000000
2,1,120.47,109.89,388622076
3,2,518.12,103.96,703956380
2,2,155.41,117.85,750000000
3,2,556.51,137.82,750000000
2,2,97.91,142.56,450000000
2,1,827.26,150.35,700000000
2,2,151.28,167.38,450000000
2,1,772.15,141.87,700000000
2,1,143.38,120.0,418523605
3,2,309.1,102.91,724226149
3,2,289.29,150.37,450000000
5,1,154.18,59.9,481554318
5,1,179.07,84.53,476873264
2,1,164.11,120.0,437373547
2,1,1767.54,300.0,701834160
3,2,400.0,212.62,450000000
3,2,565.64,114.33,714332521
2,1,172.24,120.0,444760342
3,2,143.21,94.42,450000000
4,1,178.94,89.12,473394326
3,2,172.77,110.72,750000000
3,2,282.28,103.32,727629382
3,2,264.46,139.24,450000000
3,2,161.51,107.88,450000000
2,1,119.5,106.54,413462162
2,2,411.22,179.19,750000000
3,2,115.82,72.61,450000000
3,2,400.0,216.1,450000000
3,2,548.42,110.57,710572400
2,2,370.95,169.53,750000000
3,2,400.0,244.01,450000000
3,2,400.0,205.47,450000000
2,1,147.52,87.49,393102943
2,2,365.61,168.25,750000000
2,2,954.8,181.62,739458562
2,1,1047.66,264.89,649844220
2,1,1723.08,300.0,704346014
3,2,400.0,200.0,450000000
3,2,471.6,131.82,750000000
3,2,399.7,101.53,712728026
2,2,455.21,189.74,750000000
3,2,371.68,189.79,450000000
3,2,400.0,235.81,450000000
2,1,130.23,69.05,360831521
2,2,100.31,128.13,450000000
3,2,275.53,144.2,450000000
4,1,257.27,167.33,564390327
3,2,400.0,200.67,450000000
2,1,115.12,89.71,430288741
2,1,1491.61,252.55,700000000
3,2,116.92,75.09,450000000
6,1,167.01,70.2,492357043
3,2,400.0,237.7,450000000
3,2,167.07,111.97,450000000
3,2,400.0,240.67,450000000
4,1,265.79,179.82,571490483
3,2,620.99,142.37,750000000
3,2,377.08,191.74,450000000
3,2,172.54,115.99,450000000
2,2,490.67,198.24,750000000
5,1,151.27,60.57,479480159
3,2,116.98,106.78,750000000
2,1,468.06,237.84,611203890
5,1,146.18,96.17,480107220
3,2,487.97,100.18,701526478
3,2,530.8,106.72,706724644
3,2,541.89,109.15,709146396
5,1,161.95,58.13,487104859
2,1,1616.98,274.37,708544379
2,2,853.37,250.3,750000000
2,1,109.51,67.88,440112638
2,1,1135.14,268.97,655676289
2,1,107.0,57.15,390025777
2,2,862.92,258.0,750000000
3,2,229.17,138.44,450000000
3,1,277.55,197.08,581295625
2,2,105.14,99.13,450000000
2,1,938.15,259.78,642543644
2,1,150.92,120.0,425380519
3,2,673.49,137.88,737879513
2,1,119.78,124.59,405741841
3,2,400.0,230.53,450000000
3,2,335.92,212.48,450000000
2,2,837.11,237.19,750000000
2,1,104.08,44.63,331610780
3,2,405.75,127.17,750000000
3,2,146.22,96.63,450000000
3,2,400.0,200.0,450000000
2,2,150.06,133.46,450000000
2,1,1656.04,279.84,706720734
2,1,126.49,120.0,403168749
2,2,504.17,102.01,700501988
3,2,400.0,200.0,450000000
3,2,400.0,200.0,450000000
2,1,119.69,107.27,412732033
2,1,114.14,85.92,434075136
2,2,158.1,129.59,450000000
3,2,267.77,152.35,450000000
3,2,400.0,223.58,450000000
3,2,400.0,200.0,450000000
5,1,179.3,77.03,482556587
2,1,1694.29,295.07,692952914
2,1,165.3,106.45,426286717
3,2,112.38,71.75,450000000
6,1,169.43,67.18,493785139
2,2,864.94,259.63,750000000
2,1,969.57,300.0,746917023
3,2,218.23,134.5,450000000
2,1,399.74,234.65,606649627
2,2,607.43,151.78,712943968
2,2,570.75,217.45,750000000
2,1,108.44,143.23,457908561
3,2,161.07,105.16,743011381
6,1,204.57,90.03,520473269
2,1,118.12,56.13,338227825
2,1,1624.72,275.45,708182797
2,1,120.86,111.79,408213290
3,2,346.23,175.89,450000000
3,2,576.67,116.74,716740139
2,1,106.66,55.69,383229159
2,1,105.51,50.76,360236268
3,2,364.39,184.04,450000000
2,1,1452.69,300.0,719622255
3,2,218.71,134.67,450000000
2,1,958.7,260.74,643913491
2,2,146.71,135.08,450000000
3,2,280.71,157.01,450000000
4,1,263.83,176.96,569862213
3,2,671.2,137.38,737380469
2,2,136.27,140.11,450000000
2,2,158.73,129.29,450000000
3,2,400.0,200.0,450000000
2,2,104.24,104.55,450000000
5,1,234.77,134.33,545644714
2,1,109.35,67.19,436906096
2,1,149.82,89.94,397393319
3,2,170.05,114.16,450000000
2,2,109.1,75.42,450000000
2,2,125.9,145.11,450000000
2,1,118.65,103.25,416745281
6,1,170.25,56.23,493036396
2,1,108.56,63.82,421163526
2,2,657.67,175.99,718996362
2,1,106.73,56.0,384684553
2,2,748.74,165.92,750000000
3,2,400.0,239.43,450000000
3,2,534.73,107.58,707583744
3,2,362.34,189.48,631172207
3,2,182.06,102.3,450000000
2,2,313.15,155.67,750000000
3,2,400.0,248.32,450000000
2,2,678.5,186.02,721505516
3,2,161.85,108.12,450000000
3,2,400.0,243.84,450000000
2,1,944.71,168.42,700000000
2,1,164.59,105.7,424976023
3,2,149.59,105.34,744468413
2,2,563.72,130.71,707677385
2,1,665.74,125.5,700000000
3,2,400.0,219.86,450000000
3,2,355.0,183.78,450000000
2,2,107.44,154.0,450000000
3,2,349.11,220.2,450000000
2,2,105.83,95.0,450000000
4,1,129.6,65.52,463998173
3,2,320.33,171.29,450000000
2,2,105.41,97.54,450000000
2,2,140.05,138.29,450000000
2,1,104.76,47.55,345251868
3,2,321.37,121.21,750000000
2,1,1639.29,300.0,709079886
2,1,171.13,112.68,437183079
2,1,1041.59,183.32,700000000
2,1,901.28,258.06,640085142
3,2,317.97,102.77,723100290
2,1,568.53,110.54,700000000
3,2,167.57,112.33,450000000
3,2,400.0,229.31,450000000
3,2,400.0,200.0,450000000
4,1,178.78,94.36,469427288
2,2,109.73,71.63,450000000
2,1,120.44,109.77,388491152
3,2,193.07,125.43,450000000
2,2,1194.74,215.23,728256659
3,2,400.0,215.17,450000000
3,2,680.72,146.59,750000000
2,1,1419.41,241.45,700000000
6,1,169.32,56.44,492373048
2,2,130.17,143.05,450000000
3,2,136.74,89.66,450000000
3,2,305.84,166.07,450000000
2,2,319.22,157.13,750000000
6,1,187.88,65.55,506563299
2,1,109.48,67.77,439579592
3,2,283.63,103.29,727458031
2,1,1699.78,300.0,705661902
3,2,400.0,200.76,450000000
2,2,107.58,84.5,450000000
2,1,662.06,124.93,700000000
3,2,382.43,193.67,450000000
2,2,167.2,125.2,450000000
3,2,260.46,137.45,450000000
2,1,147.35,87.3,392778561
3,2,225.71,121.87,450000000
3,2,400.0,202.74,450000000
2,2,377.17,171.03,750000000
3,2,221.77,145.63,450000000
3,2,300.93,229.4,600463202
2,1,1366.45,233.3,700000000
2,2,128.05,144.07,450000000
3,2,400.0,223.13,450000000
3,1,178.16,114.71,454007219
3,2,400.0,232.68,450000000
5,1,179.31,76.9,482652340
3,2,400.0,236.88,450000000
3,2,321.83,102.71,722610897
3,2,411.51,101.35,711230241
2,2,140.45,138.1,450000000
3,2,400.0,242.96,450000000
2,1,729.3,135.28,700000000
2,1,1358.94,300.0,724918389
3,2,307.0,195.54,450000000
2,1,171.61,113.19,438078426
2,2,847.59,245.64,750000000
2,1,146.54,86.45,391282369
3,2,335.1,122.18,750000000
2,2,98.99,160.52,450000000
2,2,150.07,133.46,450000000
2,2,250.03,140.54,750000000
3,2,704.75,148.29,750000000
3,2,211.0,131.89,450000000
3,2,594.95,120.73,720731206
2,1,109.4,46.83,321948954
3,2,178.69,120.25,450000000
3,2,144.15,95.11,450000000
3,2,150.49,99.77,450000000
3,2,385.11,194.63,450000000
3,2,449.99,132.51,674996047
3,2,341.98,202.71,620990559
2,1,172.39,120.0,444902714
2,2,271.96,145.8,750000000
6,1,163.79,74.21,490465614
6,1,176.89,57.87,498172517
3,2,400.0,226.4,450000000
2,2,267.28,182.59,450000000
3,2,385.41,194.74,450000000
2,1,161.16,102.04,418573866
3,2,400.0,200.0,450000000
2,1,142.33,81.95,383414638
2,2,558.42,214.49,750000000
2,2,101.01,123.93,450000000
2,2,810.91,216.05,750000000
3,2,400.0,242.24,450000000
3,2,541.66,109.1,709096407
2,1,111.8,76.91,443089281
3,2,400.0,200.0,450000000
3,2,317.13,170.14,450000000
3,2,400.0,213.54,450000000
2,2,647.74,171.2,717800023
3,2,400.0,229.56,450000000
2,1,1777.53,300.0,701269318
3,1,281.26,202.52,584384740
3,2,317.63,163.08,450000000
3,2,400.0,232.95,450000000
2,1,103.54,42.17,312438639
3,2,400.0,238.9,450000000
2,1,120.33,58.49,342350472
2,2,299.93,186.88,450000000
2,1,103.14,40.59,312759475
2,2,108.44,79.37,450000000
2,1,162.99,103.99,421988252
3,2,217.64,134.28,450000000
3,2,242.82,103.92,732637305
6,1,179.52,69.72,488090861
2,1,1693.5,285.08,704972070
2,1,107.86,59.45,331885497
3,2,338.34,177.78,450000000
2,1,687.59,128.86,700000000
3,2,350.76,177.93,450000000
2,1,105.78,51.92,365605694
3,2,155.43,103.4,450000000
2,2,106.93,88.45,450000000
2,2,153.67,131.73,450000000
2,1,103.81,149.01,455183209
2,1,1786.07,298.05,700650096
2,2,170.9,123.42,450000000
6,1,165.45,57.33,489605687
3,2,506.08,101.33,701326610
2,1,1564.13,263.71,700000000
2,1,146.73,86.64,391625819
3,2,272.04,103.47,728928772
2,1,98.01,155.71,444633586
2,1,1526.17,287.22,681744356
3,2,400.0,217.09,450000000
2,1,1522.16,261.09,712971172
5,1,153.42,60.08,481015380
3,2,400.0,220.49,450000000
5,1,179.46,71.69,486596818
3,2,291.0,151.14,450000000
2,2,805.15,211.41,750000000
3,2,449.93,130.29,750000000
3,2,303.18,193.3,450000000
2,1,139.2,120.0,414723288
2,2,173.72,122.06,450000000
3,2,126.07,81.82,450000000
2,2,219.35,133.18,750000000
2,1,1629.01,273.69,700000000
3,2,425.33,128.55,750000000
3,2,201.41,128.44,450000000
2,2,98.0,141.99,450000000
3,2,631.63,128.74,728739325
3,2,400.0,200.0,450000000
3,2,400.0,236.57,450000000
2,2,133.04,141.67,450000000
2,1,107.43,59.0,398686951
2,2,106.13,93.21,450000000
3,2,119.48,76.97,450000000
3,1,178.33,109.11,458253488
3,2,176.94,119.22,450000000
3,2,145.75,96.28,450000000
2,1,1616.13,274.25,708583964
2,2,801.99,245.54,736384634
3,2,724.79,149.08,749080466
2,1,97.4,156.57,445714940
3,1,285.87,209.28,588224892
2,1,146.24,86.12,390712307
2,2,327.71,159.17,750000000
2,1,115.8,92.29,427708900
2,1,114.53,87.43,432571019
2,2,243.74,139.03,750000000
2,1,609.63,244.45,620642127
2,2,912.95,298.35,750000000
2,2,858.19,272.62,743155718
2,1,172.5,120.0,445000932
2,1,109.12,66.22,432344611
3,2,267.37,152.21,450000000
3,2,400.0,219.97,450000000
2,1,935.45,166.99,700000000
2,1,727.98,135.07,700000000
2,2,899.08,287.16,750000000
2,1,1351.5,237.18,720938526
3,2,314.94,169.35,450000000
2,2,102.78,113.3,450000000
3,2,510.76,102.35,702348298
2,2,97.49,145.03,450000000
3,2,400.0,200.0,450000000
6,1,174.2,55.32,495860067
5,1,227.62,123.85,539684789
6,1,162.83,57.93,487732545
2,2,104.16,105.04,450000000
3,2,219.75,104.27,735565313
3,2,321.04,171.55,450000000
3,2,129.1,84.05,450000000
3,2,157.8,105.14,450000000
3,2,400.0,221.68,450000000
2,1,106.33,54.28,376647056
4,1,178.67,97.8,466816442
2,1,582.12,112.63,700000000
2,1,163.29,120.0,436628605
3,2,163.38,109.25,450000000
2,1,540.54,106.24,700000000
2,1,693.4,248.36,626226404
2,2,433.58,184.55,750000000
3,2,113.5,72.57,450000000
3,2,400.0,224.82,450000000
3,2,310.5,167.75,450000000
3,2,325.8,173.26,450000000
3,1,126.04,66.33,461454390
2,1,638.58,121.32,700000000
3,1,290.98,216.78,592486222
3,2,159.52,106.41,450000000
3,2,400.0,224.77,450000000
3,2,300.13,119.71,750000000
3,2,400.0,200.0,450000000
2,2,715.66,252.2,750000000
3,2,218.16,134.47,450000000
2,2,268.27,144.91,750000000
3,2,245.78,144.42,450000000
2,1,853.79,154.43,700000000
4,1,138.68,63.44,470488467
5,1,154.73,59.78,481951305
2,2,122.93,163.66,450000000
2,1,1675.97,294.21,691731358
3,2,369.63,232.21,450000000
2,1,174.27,116.02,443033230
3,2,300.99,164.32,450000000
3,1,277.78,197.42,581486707
2,2,101.87,118.77,450000000
3,2,400.0,200.0,450000000
2,2,322.63,157.95,750000000
3,2,220.94,145.15,450000000
3,2,400.0,217.06,450000000
2,1,116.85,95.38,372304891
3,2,400.0,200.0,450000000
2,2,98.75,137.53,450000000
2,1,106.43,54.68,378519495
3,2,162.96,108.94,450000000
2,2,115.98,108.39,750000000
2,1,174.92,120.0,447202967
2,2,907.67,294.09,750000000
2,1,1417.25,241.12,700000000
3,2,378.32,190.28,450000000
2,1,734.75,136.12,700000000
2,2,130.86,142.72,450000000
3,2,400.0,200.0,450000000
2,1,103.24,41.02,314752437
3,1,120.72,127.93,465128987
2,2,119.68,148.11,450000000
3,2,378.07,190.17,450000000
3,2,184.43,122.32,450000000
3,2,400.0,202.79,450000000
2,1,138.57,77.94,376389990
2,1,167.65,108.96,430685971
2,1,99.35,153.78,442227470
4,1,261.71,173.84,568089953
3,2,215.98,133.69,450000000
3,2,186.22,122.96,450000000
3,2,137.45,90.19,450000000
2,1,120.25,58.4,342201237
2,1,1643.26,275.89,700000000
3,2,400.0,200.0,450000000
2,1,103.5,147.85,434814439
2,1,118.58,103.01,416993748
3,2,400.0,236.24,450000000
2,2,741.16,159.8,750000000
3,2,330.01,174.78,450000000
2,1,113.79,83.16,358554216
2,2,112.37,151.63,450000000
3,2,400.0,234.06,450000000
2,2,100.61,126.33,450000000
3,2,702.89,144.3,744298887
4,1,136.89,63.85,469206841
2,2,294.46,151.19,750000000
3,2,400.0,201.22,450000000
3,1,119.09,67.92,456495056
3,2,400.0,200.0,450000000
3,1,118.77,68.0,456264916
3,2,400.0,223.55,450000000
2,1,968.93,300.0,746953385
3,2,603.64,141.15,750000000
2,2,729.38,150.31,750000000
2,1,142.29,120.0,417535591
3,2,400.0,238.36,450000000
3,2,400.0,220.1,450000000
3,2,293.47,187.62,450000000
4,1,178.74,95.42,468624727
2,2,361.47,194.95,450000000
3,2,181.53,122.07,450000000
3,2,400.0,200.0,450000000
4,1,249.87,156.47,558223322
3,2,272.01,103.47,728932150
3,2,323.9,165.89,450000000
3,2,400.0,238.06,450000000
3,2,400.0,244.48,450000000
3,2,321.27,203.9,450000000
3,2,386.83,101.72,714361950
2,1,744.46,250.74,629630812
2,1,104.64,47.01,342705085
3,2,122.21,75.47,450000000
2,2,109.73,71.61,450000000
2,1,109.91,69.63,448281135
4,1,248.67,154.71,557222687
3,2,314.68,169.25,450000000
2,2,855.41,251.95,750000000
2,2,106.73,89.64,450000000
3,1,178.1,116.7,452501941
3,2,400.0,210.68,450000000
2,1,1720.87,300.0,704470550
3,2,307.3,166.59,450000000
3,2,701.32,143.96,743955915
2,2,173.41,122.21,450000000
5,1,179.07,84.85,476629924
3,2,151.71,100.67,450000000
2,2,760.07,175.06,750000000
2,2,109.87,70.79,450000000
3,2,348.57,219.88,450000000
3,2,190.71,124.58,450000000
2,1,1225.06,300.0,732482332
2,2,104.12,105.3,450000000
3,2,286.18,158.98,450000000
3,2,196.88,104.62,738466509
3,2,215.98,113.77,750000000
3,2,400.0,200.0,450000000
3,2,612.85,141.8,750000000
2,1,118.59,102.37,380162603
2,2,100.25,128.49,450000000
2,1,575.2,111.57,700000000
2,2,131.0,111.99,750000000
3,2,400.0,205.81,450000000
3,2,194.04,125.78,450000000
3,1,178.01,119.66,450254609
2,2,148.04,166.96,450000000
3,2,312.03,198.49,450000000
2,2,98.63,138.24,450000000
2,1,1404.83,239.2,700000000
2,1,530.84,240.77,615389591
2,1,167.87,120.0,440791656
2,1,1559.62,266.33,711222029
2,1,635.73,245.67,622381761
3,2,394.46,126.37,750000000
2,1,114.86,87.44,363364594
2,2,445.71,187.46,750000000
3,2,400.0,245.43,450000000
2,2,96.84,148.97,450000000
3,2,400.0,213.28,450000000
2,1,119.37,125.18,406475746
3,2,400.0,244.44,450000000
3,2,123.47,105.73,747782575
3,2,208.61,131.03,450000000
3,2,424.95,101.14,709524196
3,2,400.0,200.0,450000000
2,1,115.84,92.46,427542869
3,2,519.92,104.35,704349338
3,2,381.69,176.9,640845321
3,2,338.18,122.4,750000000
2,2,777.31,188.96,750000000
2,1,859.55,155.32,700000000
2,1,1268.92,225.62,724793787
3,2,137.93,105.51,745947689
5,1,161.28,77.34,488990840
2,2,121.29,147.33,450000000
2,2,853.41,285.23,750000000
3,2,400.0,242.56,450000000
4,1,240.58,142.85,550485347
3,2,396.12,167.52,648058658
2,2,103.89,106.68,450000000
2,2,773.17,265.99,750000000
2,1,142.13,120.0,417390460
3,2,131.89,86.1,450000000
3,2,148.47,98.29,450000000
3,2,561.15,113.35,713351414
3,2,653.39,144.66,750000000
3,1,178.41,106.63,460128699
2,1,159.21,120.0,432922592
2,2,756.79,172.41,750000000
3,2,207.46,137.25,450000000
2,2,621.03,158.33,714581851
2,1,119.74,106.96,385331200
2,2,105.46,97.23,450000000
2,1,114.16,85.99,434007039
2,1,1227.92,273.3,661861138
3,1,116.02,133.79,462364168
3,2,400.0,200.0,450000000
3,1,118.34,68.09,455956462
2,2,108.08,81.53,450000000
2,1,343.87,232.05,602924728
3,2,361.33,186.07,450000000
2,1,130.09,120.0,406443493
2,2,791.33,200.27,750000000
3,2,400.0,200.0,450000000
2,2,108.34,153.57,450000000
3,2,400.0,200.0,450000000
2,2,779.2,267.43,750000000
2,1,1350.89,300.0,725373387
2,1,309.58,230.45,600638587
3,2,158.48,105.65,450000000
3,2,314.96,169.35,450000000
2,2,911.5,297.18,750000000
3,2,400.0,200.0,450000000
5,1,179.48,71.15,487009821
2,1,150.55,90.72,398760798
3,2,408.0,159.8,653998538
2,2,591.36,144.03,711007730
2,1,121.61,114.65,405349032
2,1,164.86,120.0,438051395
2,1,106.79,56.24,385777321
2,1,175.96,120.0,448149600
2,2,199.27,173.67,450000000
2,1,1322.41,226.52,700000000
2,2,379.27,197.28,450000000
3,2,400.0,205.13,450000000
6,1,187.53,65.05,506277151
3,2,247.29,160.57,450000000
3,2,400.0,246.61,450000000
2,2,99.51,132.91,450000000
2,2,153.78,131.67,450000000
3,2,473.46,100.4,703367530
2,1,1284.78,300.0,729108523
3,2,513.51,134.78,750000000
3,2,586.81,118.95,718954224
2,1,103.91,43.66,314116783
3,2,118.74,76.42,450000000
3,2,394.11,197.88,450000000
2,1,1759.54,293.78,700000000
2,2,98.76,137.47,450000000
3,2,400.0,206.5,450000000
3,2,231.67,139.34,450000000
3,2,400.0,200.0,450000000
2,1,103.15,40.66,313097297
2,1,920.69,164.72,700000000
2,2,501.31,200.8,750000000
3,2,454.08,129.85,677040742
3,2,248.31,145.34,450000000
3,2,239.31,127.97,450000000
3,2,400.0,200.0,450000000
2,2,912.67,299.44,750000000
3,2,400.0,200.0,450000000
3,2,299.79,191.32,450000000
6,1,168.55,56.62,491818809
2,2,749.0,260.19,750000000
3,2,400.0,200.0,450000000
3,2,400.0,200.0,450000000
3,1,290.11,215.5,591761895
2,1,1197.76,300.0,734024965
3,2,254.7,164.91,450000000
5,1,156.77,82.97,486337024
3,2,717.75,147.54,747543178
3,2,165.52,105.09,742447105
2,1,135.43,74.59,370526872
2,2,173.32,122.26,450000000
2,2,807.07,212.96,750000000
3,2,400.0,200.0,450000000
3,2,400.0,219.88,450000000
2,2,780.0,191.13,750000000
3,2,400.0,200.8,450000000
2,2,745.13,218.13,729533300
3,2,147.72,105.36,744704960
2,2,728.97,255.39,750000000
6,1,179.57,68.06,489344765
2,2,175.42,121.25,450000000
3,2,400.0,200.0,450000000
3,2,318.19,170.52,450000000
2,1,170.54,120.0,443217912
2,2,532.17,208.2,750000000
2,1,175.61,117.46,445547080
3,2,165.38,110.72,450000000
3,2,157.76,105.21,743431158
2,1,108.44,63.3,418723559
3,2,400.0,238.55,450000000
2,2,352.66,193.79,450000000
3,1,126.73,66.18,461948800
4,1,178.75,95.33,468688984
3,2,118.92,76.56,450000000
6,1,177.24,57.45,498373691
2,2,900.28,288.13,750000000
2,1,149.25,89.33,396331044
3,2,400.0,210.17,450000000
2,1,1373.85,300.0,724076118
3,2,400.0,244.13,450000000
3,2,169.49,113.74,450000000
2,2,304.1,187.42,450000000
2,2,736.42,213.94,728484705
3,2,400.0,200.0,450000000
3,2,612.58,124.58,724579727
2,2,863.05,287.54,750000000
2,1,114.64,86.56,362377426
2,2,697.38,247.82,750000000
3,2,459.51,126.32,679755910
3,2,246.9,144.83,450000000
2,2,103.17,110.97,450000000
3,1,298.61,227.95,598837946
3,1,291.31,217.25,592755311
3,2,400.0,200.0,450000000
3,2,400.0,200.0,450000000
2,2,104.0,106.0,450000000
3,2,566.79,114.58,714583129
2,2,306.97,187.8,450000000
3,2,193.14,112.15,750000000
3,2,413.26,101.32,711007451
3,2,175.31,118.02,450000000
2,1,149.43,120.0,424025347
2,2,748.52,165.74,750000000
2,2,869.98,263.69,750000000
3,2,110.91,70.67,450000000
4,2,438.42,276.02,898423259
3,2,1388.74,319.51,1500000000
4,3,642.22,177.55,891827151
3,2,1056.51,200.62,1764975569
4,3,633.1,180.44,901476381
3,2,405.75,297.26,865750322
4,4,831.36,298.68,1000000000
2,1,2085.09,108.2,3091752448
3,2,171.75,127.82,864689567
3,2,203.71,129.09,860978419
2,1,2330.6,118.91,3275919782
4,3,783.29,144.23,1715190269
3,2,972.23,193.06,1743058641
2,1,1548.03,166.6,2378469197
2,2,1377.0,222.72,1622717987
3,2,2976.75,149.86,3154332717
2,2,1039.53,205.16,1739678841
2,1,1802.73,151.08,2670567130
2,2,1372.03,200.13,1600133661
3,2,303.12,303.12,812062391
2,2,1309.35,240.39,1669228902
5,3,547.72,207.55,991826277
3,2,807.07,135.31,1774659741
3,2,241.34,149.4,906216744
2,1,2756.82,128.95,3322989516
3,2,1486.69,874.6,1500000000
2,2,1485.89,865.55,1518095381
2,2,1176.48,223.04,1703922123
3,2,1339.68,100.0,1500000000
4,4,832.44,299.0,1000000000
4,3,633.85,180.21,900683454
2,2,1360.22,146.44,1546440776
3,2,355.29,332.53,800000000
4,2,1319.85,135.87,1940412721
4,3,658.67,172.33,874419922
5,4,3582.27,224.38,2434592774
5,3,514.72,226.43,974715725
3,3,750.44,165.83,815825520
3,2,1303.05,100.0,1500000000
3,2,1458.47,714.65,1500000000
3,2,242.86,130.65,856434090
4,4,1562.77,170.39,1901392248
3,2,1463.1,793.16,1500000000
2,2,1302.82,239.53,1670934932
4,3,386.62,178.88,951838627
3,2,1325.77,100.0,1500000000
4,2,1888.68,157.43,2067221660
4,3,2785.97,219.56,2223314770
3,3,1069.66,196.25,1676873264
3,2,278.28,132.06,852322966
3,3,967.94,341.78,995231184
4,3,772.23,140.41,1725243694
3,3,857.33,164.33,1714332521
3,2,1344.76,100.0,1500000000
2,2,1187.03,224.42,1701167744
2,3,1344.17,179.82,1579817023
2,2,1041.05,205.36,1739282799
3,2,1322.37,100.0,1500000000
3,2,1429.89,552.72,1500000000
3,3,934.29,301.51,951505899
3,2,1446.15,721.14,1500000000
3,3,875.46,168.86,1718864208
3,2,130.3,130.3,868595016
4,3,764.57,137.76,1732207917
3,2,601.5,144.93,814801360
3,2,791.52,140.82,1783625132
3,3,706.36,157.19,823952426
3,2,1309.81,203.39,1832104539
3,2,371.06,135.75,841551472
3,1,1279.17,110.4,2345526057
3,3,842.17,160.54,1710541438
4,3,634.21,180.09,900311560
4,4,960.02,337.83,1000000000
3,3,854.44,242.58,892578692
2,1,1630.48,161.58,2473028043
3,2,1350.91,316.38,1500000000
3,2,1435.25,583.09,1500000000
3,2,960.45,188.77,1756379015
3,2,1392.57,341.21,1500000000
4,3,660.38,171.78,872616459
3,3,1006.43,185.41,1682295862
3,2,1414.38,464.84,1500000000
5,3,2711.86,188.62,2250732292
4,4,840.86,151.09,1710787801
2,1,1601.59,163.34,2439894066
2,3,1244.7,226.28,1661861340
5,3,3541.96,227.84,2423663146
2,1,2292.74,121.22,3232496506
3,2,274.31,131.9,852782959
3,3,859.56,314.01,979111421
5,3,3302.02,225.22,2360074732
3,3,966.21,178.51,1685745242
3,3,901.08,167.34,1691331320
2,2,1311.46,235.75,1665485186
3,2,1316.05,168.2,1500000000
2,2,1200.89,226.23,1697548861
4,2,422.08,286.65,882079365
3,2,695.46,113.55,1799118931
3,2,1344.4,100.0,1500000000
5,3,2580.73,183.66,2221501081
4,4,892.5,152.47,1724423653
3,2,1380.61,204.17,1850869656
5,3,464.27,194.63,976219369
3,3,851.58,162.9,1712895141
3,2,808.43,135.58,1774366862
3,1,1298.37,110.34,2363306526
2,1,1107.77,193.43,1873592019
3,2,556.58,234.22,800000000
2,3,1133.25,207.16,1671419366
3,2,944.0,186.0,1736001045
5,3,3529.42,202.42,2730507067
2,2,1478.12,819.07,1528056562
3,3,988.7,182.37,1683816038
2,3,1134.97,207.46,1671271822
2,3,1095.94,200.76,1674619481
3,2,434.3,293.94,800000000
3,2,659.75,147.24,808038578
2,2,1362.85,158.41,1558406994
2,3,1214.73,221.14,1664431528
3,2,1416.25,594.05,1500000000
3,2,1469.13,818.79,1500000000
3,2,438.87,138.45,833679807
4,3,446.52,270.76,906517887
2,2,1493.94,913.72,1507773531
5,4,2810.09,203.74,2230716577
3,3,703.6,158.06,826882935
3,3,717.02,153.8,812674994
3,2,1302.01,108.53,1500000000
2,2,1123.46,216.12,1717764616
3,2,413.96,303.88,800000000
4,2,718.01,121.68,1774535935
5,3,476.3,251.4,936300544
4,3,773.63,140.89,1723977214
3,2,1329.78,100.0,1500000000
2,2,1365.56,170.74,1570736428
3,2,500.21,261.75,800000000
2,1,1885.48,108.74,2906923947
5,3,525.91,219.16,985905829
5,3,572.01,199.84,966123882
3,2,1494.75,920.27,1500000000
4,3,786.33,145.28,1712429722
3,2,444.69,288.86,800000000
4,3,793.22,147.66,1706165954
5,3,3260.93,209.43,2373136854
2,1,2612.71,115.25,3433503733
3,2,1312.94,100.0,1500000000
2,2,1162.98,221.28,1707447311
2,2,1322.42,242.09,1665817122
2,3,1311.6,120.97,1520965856
3,2,1310.24,100.0,1500000000
3,2,1339.92,100.0,1500000000
5,3,472.25,196.25,978724727
2,2,1355.42,124.64,1524639870
3,2,617.19,145.55,812979770
3,2,1316.74,100.0,1500000000
3,2,1421.54,505.39,1500000000
4,2,411.77,293.35,871766097
2,2,1297.9,233.05,1668419919
2,3,1154.2,210.76,1669622255
2,2,1404.46,378.38,1622489916
3,2,558.18,233.44,800000000
3,2,883.15,166.83,1768847221
2,2,1367.73,180.6,1580598032
3,2,400.28,300.82,860275575
2,3,1362.05,212.14,1612141407
4,2,2407.3,215.42,2122959707
2,2,1472.83,787.45,1534831904
4,4,1104.29,158.13,1780340341
3,2,489.33,267.06,800000000
2,2,1066.68,187.01,1718467071
2,2,1347.18,245.32,1659352789
2,1,1573.41,165.05,2407583507
3,3,706.91,157.01,823379608
4,3,793.38,147.71,1706016788
4,3,759.05,135.85,1737229195
2,1,2014.93,138.15,2913915174
3,2,956.83,187.74,1756963604
5,3,454.73,192.7,973223275
4,3,464.01,259.39,924014551
2,2,1178.68,223.33,1703346109
2,2,1353.5,115.92,1515916113
3,2,646.76,190.17,800000000
3,3,867.44,316.02,980282266
2,2,1263.61,234.41,1681172207
2,2,1287.83,237.58,1674848914
3,2,1312.8,100.0,1500000000
2,1,2464.43,107.17,3442994861
3,2,561.69,231.72,800000000
4,3,773.87,140.97,1723754131
2,2,1297.6,232.99,1668485154
2,3,1183.57,215.79,1667104087
4,4,917.78,324.98,1000000000
2,2,1340.63,244.47,1661063174
3,2,1330.71,230.52,1500000000
4,2,704.02,116.84,1787251134
2,3,1332.97,159.59,1559593094
4,3,777.7,142.3,1720270463
3,2,1307.5,100.0,1500000000
3,2,264.24,131.5,853952402
3,2,368.75,188.22,906107166
3,2,185.91,185.91,850402558
2,1,1547.61,166.63,2377991642
3,2,1438.79,689.86,1500000000
3,2,908.54,177.14,1727136222
2,3,1320.9,137.77,1537769859
3,2,2976.79,149.87,3154304006
3,2,235.5,130.36,857288160
5,4,582.11,222.82,1000000000
2,2,1094.29,192.51,1712491231
5,4,2615.42,198.53,2179318867
2,3,1338.35,169.3,1569300871
5,4,564.25,217.38,1000000000
3,2,1373.0,230.35,1500000000
2,2,1363.65,162.07,1562065525
4,2,330.56,167.51,934234472
4,2,732.74,126.76,1761145424
5,4,548.33,212.54,1000000000
3,2,1325.58,208.69,1500000000
2,2,1352.24,110.18,1510182258
4,4,799.96,289.12,1000000000
3,2,251.59,151.48,909435393
4,3,791.47,147.05,1707750062
4,2,1609.27,146.84,2004932956
3,2,952.71,186.58,1757626952
2,2,1089.37,191.53,1713556746
3,3,878.66,169.66,1719664248
4,2,424.83,284.86,884826134
3,3,800.42,202.71,852711153
3,3,813.13,153.28,1703281649
3,3,843.39,157.44,1696278426
3,2,397.86,136.82,838441244
3,2,1344.34,100.0,1500000000
3,2,1352.27,112.88,1500000000
3,1,985.78,111.19,2073873253
3,2,728.65,122.97,1793766866
2,2,1380.39,238.13,1638126282
2,2,1333.17,243.49,1663010364
2,3,1102.48,201.88,1674058097
4,2,1973.4,160.64,2086107195
4,4,816.46,294.14,1000000000
3,2,1489.05,903.45,1500000000
2,2,1254.62,233.24,1683519724
3,3,914.94,169.71,1690142672
3,2,127.92,126.39,870602163
3,2,1366.7,383.47,1500000000
3,2,494.89,264.35,800000000
4,3,749.11,132.42,1746260440
4,4,1042.84,156.49,1764115507
3,2,892.63,169.52,1767317300
3,3,1002.27,184.7,1682652340
4,4,879.25,313.25,1000000000
4,4,791.98,286.69,1000000000
2,2,1375.59,216.31,1616309277
4,3,352.69,172.0,941182863
2,1,2311.05,120.1,3253500214
3,2,812.24,136.34,1773541952
2,1,1765.49,153.35,2627856398
3,2,378.61,136.05,840675219
3,2,1240.99,202.64,1813865574
4,3,760.14,136.23,1736239390
3,2,215.75,215.75,840641185
3,3,873.55,168.39,1718386786
5,3,534.58,208.9,998297721
2,3,1186.84,216.35,1666823131
3,2,1473.29,798.67,1500000000
2,3,1360.3,246.11,1651946484
3,2,1477.7,823.64,1500000000
3,2,1412.19,452.43,1500000000
3,3,976.87,332.93,982930066
3,3,729.85,150.63,800625150
2,2,1190.66,224.89,1700219501
2,3,1147.11,209.54,1670230749
4,4,969.14,340.61,1000000000
3,2,767.51,134.0,1787498024
4,3,776.91,142.02,1720990559
2,2,1312.35,235.93,1665291857
3,2,1310.26,100.0,1500000000
3,2,822.15,138.31,1771396842
3,2,706.96,149.12,802558477
4,3,629.22,181.68,905586611
4,2,306.16,162.55,926570653
5,3,3644.04,228.96,2450718520
4,2,1394.84,138.71,1957130668
2,2,1368.04,182.01,1582006675
3,2,541.68,232.54,931829265
3,2,995.45,172.83,1733885588
4,2,291.92,159.66,922099198
4,2,3255.77,176.4,2940359669
2,1,2728.43,126.25,3344759754
2,2,1356.0,127.29,1527289220
3,2,155.58,155.58,860324993
3,2,137.53,137.53,866228082
4,3,2773.53,219.43,2220018013
2,2,1468.32,760.48,1540611701
2,2,1424.65,499.2,1596599931
3,3,881.75,170.44,1720436709
5,3,544.8,208.48,994922729
2,2,1355.15,123.42,1523422890
2,2,1186.17,210.8,1692604166
3,2,1317.05,100.0,1500000000
3,2,708.78,115.74,1795935601
3,2,1344.39,288.68,1500000000
5,4,646.29,242.35,1000000000
3,2,1333.59,100.0,1500000000
3,3,811.49,151.97,1699014473
3,3,909.01,326.68,986465884
3,2,1310.0,100.0,1500000000
2,2,1355.89,126.78,1526781699
3,2,1447.91,654.83,1500000000
2,3,1319.77,135.73,1535727417
3,3,857.97,159.94,1695027930
3,2,924.62,178.6,1762158610
3,2,620.96,202.77,800000000
2,1,1220.21,186.58,2002531181
3,2,1474.53,805.69,1500000000
3,2,813.13,146.95,1780140824
2,3,1189.49,216.81,1666595743
3,2,832.05,140.29,1769252356
5,3,595.4,192.41,941370454
4,3,788.6,146.06,1710366418
2,1,2502.13,107.07,3477896730
3,2,749.26,123.8,1787173720
2,2,1376.14,218.82,1618817062
3,3,992.81,344.69,994693559
3,2,1472.78,795.78,1500000000
2,2,1223.3,229.15,1691695844
3,2,820.64,149.09,1778928772
2,2,1353.54,116.1,1516099243
3,3,836.51,159.13,1709127822
2,1,2004.39,138.79,2901819635
4,2,718.54,121.86,1774057657
3,2,3021.12,154.08,3120307592
3,1,1442.22,109.95,2496498598
2,2,1280.33,236.6,1676806364
2,2,1426.97,513.1,1593622336
2,2,1156.8,220.47,1709058835
2,2,1171.57,222.4,1705204718
3,2,1412.77,579.29,1500000000
3,3,742.64,284.04,961719451
3,3,810.31,152.58,1702577335
2,2,1219.18,217.38,1685459131
5,4,3405.46,219.65,2387909459
5,3,513.69,227.1,973693595
3,2,1423.11,514.32,1500000000
2,2,1342.61,244.73,1660544777
3,2,1340.03,270.12,1500000000
3,3,1047.9,192.52,1678739325
3,2,1496.63,930.9,1500000000
2,1,2116.0,131.99,3029814621
3,2,518.3,252.91,800000000
4,2,1840.88,155.62,2056565246
4,3,771.63,140.2,1725788769
5,3,482.31,198.29,981883710
3,3,896.24,166.51,1691746512
3,2,1044.14,200.48,1761698364
5,4,758.18,276.4,1000000000
3,2,625.48,145.88,812017550
3,2,238.74,148.87,905399952
2,1,2492.23,107.09,3468735850
5,3,556.2,204.86,982859761
3,2,1344.11,100.0,1500000000
3,2,915.3,178.83,1728825824
2,2,1278.04,236.3,1677405522
4,3,750.96,133.06,1744582200
3,1,1329.99,110.26,2392585340
5,3,3607.98,209.89,2670258196
3,2,1469.04,774.54,1500000000
2,1,2540.34,108.36,3489004171
2,1,2704.5,123.97,3363114370
2,2,1344.71,245.0,1659998136
2,3,1372.53,231.08,1631083512
4,3,616.09,185.84,919482620
3,2,573.6,225.9,800000000
2,2,1150.87,203.78,1700244499
5,3,3333.7,225.56,2368471541
3,2,1482.88,877.25,1500000000
4,2,423.75,285.56,883754105
3,2,1319.16,100.0,1500000000
2,3,1343.07,177.84,1577837656
4,2,695.17,113.78,1795303403
2,2,1355.49,124.94,1524942505
2,3,1230.27,223.8,1663098319
3,2,983.44,195.86,1745860067
5,4,722.55,265.56,1000000000
3,2,633.56,196.62,800000000
2,2,1149.1,219.46,1711070439
2,2,1359.53,143.3,1543304061
5,4,703.61,259.79,1000000000
3,2,371.55,188.93,906524032
5,4,676.68,251.6,1000000000
3,2,1321.68,100.0,1500000000
3,2,1404.79,545.36,1500000000
3,2,598.17,213.9,800000000
3,2,1312.63,153.69,1500000000
3,1,1181.0,110.66,2254627435
5,4,3178.73,213.59,2328047697
3,2,138.91,128.62,874053808
2,3,1230.1,223.77,1663113202
3,3,1036.07,190.49,1679753897
3,3,810.29,152.57,1702571291
4,2,744.6,130.86,1750363375
3,2,1410.47,442.68,1500000000
3,2,933.15,183.29,1733287805
3,3,933.56,172.91,1688545610
4,4,950.96,335.08,1000000000
3,2,355.03,330.23,815027556
3,2,1445.64,718.96,1500000000
3,2,3172.12,168.44,3004508684
3,2,1453.26,685.14,1500000000
2,2,1368.65,184.78,1584775899
3,2,228.01,146.7,902032264
3,2,1336.18,253.76,1500000000
5,4,632.27,238.08,1000000000
3,2,610.24,208.01,800000000
3,1,2880.88,140.75,3227854863
3,2,1438.53,601.7,1500000000
3,2,511.33,141.34,825268173
3,2,1345.42,100.0,1500000000
3,2,1483.46,879.72,1500000000
2,2,1354.52,120.52,1520522795
3,2,1490.05,907.7,1500000000
4,2,310.65,163.46,927980750
4,4,914.84,324.08,1000000000
3,2,1391.62,489.38,1500000000
3,2,1325.41,208.0,1500000000
3,3,678.39,166.07,853555023
5,3,501.31,235.15,961312230
4,2,727.53,124.97,1765878337
2,2,1169.75,207.53,1696158515
2,2,1378.02,227.38,1627379348
3,2,437.12,292.56,800000000
2,1,1627.42,109.45,2667977562
3,2,173.34,173.34,854515339
3,2,1497.53,939.52,1500000000
4,2,696.15,114.13,1794405934
3,3,807.89,151.97,1701971341
3,2,908.73,174.09,1764721241
3,2,324.0,324.0,805232618
5,4,623.06,235.28,1000000000
4,3,752.47,133.58,1743205477
3,3,849.27,158.45,1695774415
3,2,1306.79,128.85,1500000000
3,2,1334.87,100.0,1500000000
4,4,863.22,308.37,1000000000
2,1,1115.37,192.97,1882306658
5,4,553.31,214.05,1000000000
2,2,1021.35,202.79,1744426649
3,2,1326.29,100.0,1500000000
4,3,784.82,144.76,1713795735
2,2,1401.19,358.82,1626682410
5,3,407.89,183.2,958516938
2,1,1261.07,184.09,2049397920
3,2,141.32,129.11,874810993
2,3,1147.63,209.63,1670186506
3,2,849.4,143.74,1765498674
3,2,773.55,128.64,1781914967
3,2,369.93,325.38,800000000
5,3,414.26,184.49,960517541
2,2,1371.78,199.02,1599018755
3,3,960.46,177.52,1686238339
3,2,735.29,121.02,1790196549
3,2,936.94,184.24,1734235483
3,2,241.45,241.45,832235610
3,2,1468.61,772.11,1500000000
3,2,605.01,210.56,800000000
4,3,385.12,178.57,951365879
3,2,964.65,189.97,1755701113
2,2,1147.12,219.21,1711586319
3,3,935.82,173.3,1688352026
2,1,2481.2,107.12,3458518671
3,2,239.53,155.1,886887146
3,2,1495.75,931.92,1500000000
3,2,1354.59,203.88,1843973745
3,2,1429.34,549.6,1500000000
3,2,1312.19,151.79,1500000000
3,2,296.94,296.94,814085173
3,2,1300.41,101.76,1500000000
3,3,870.14,167.54,1717535591
3,2,762.17,132.49,1788359414
5,3,2567.94,183.17,2218648360
3,2,1323.99,100.0,1500000000
3,2,504.39,141.06,826074618
3,2,1481.05,842.63,1500000000
4,2,691.75,112.6,1798408347
3,2,1384.76,296.97,1500000000
4,3,618.96,184.93,916446644
4,3,753.65,133.99,1742135700
3,2,283.84,283.84,818369239
3,2,432.88,294.63,800000000
5,4,3495.26,222.05,2411620709
2,1,1984.85,139.98,2879411224
3,3,967.46,178.72,1685638050
3,3,972.75,179.63,1685184594
4,3,774.3,141.12,1723360775
3,3,988.59,341.58,991581362
3,2,343.57,337.68,803574787
4,3,798.65,149.53,1701227761
2,1,1873.22,146.78,2751397016
2,1,1820.38,108.92,2846644700
4,3,764.76,137.83,1732035272
3,2,424.9,298.53,800000000
5,3,519.28,205.8,993494954
3,2,423.11,299.41,800000000
2,1,2361.84,107.45,3348001296
3,2,1437.36,595.06,1500000000
2,3,1312.53,237.91,1656044085
3,2,707.13,116.86,1797236601
2,2,1365.42,170.11,1570110227
3,2,463.88,212.6,920256519
5,3,470.85,195.97,978285587
3,2,1351.32,107.51,1500000000
2,1,2828.1,135.73,3268328299
3,2,362.28,329.12,800000000
4,4,838.84,300.95,1000000000
4,2,733.15,126.91,1760773679
4,3,338.25,169.07,936649506
3,2,928.49,179.7,1761533491
5,4,621.2,234.71,1000000000
3,2,217.28,144.52,898663207
5,4,3265.09,215.9,2350849390
4,2,1382.1,138.23,1954290869
3,2,1332.49,100.0,1500000000
3,2,694.12,148.61,804048987
3,2,990.42,197.28,1751544868
4,4,946.54,333.73,1000000000
5,4,573.23,220.11,1000000000
3,2,1498.98,945.67,1500000000
3,3,901.38,167.39,1691305238
4,2,290.04,159.28,921511462
3,2,1386.26,305.5,1500000000
3,3,671.55,168.24,860795876
4,3,783.07,144.15,1715389591
3,1,1028.13,111.08,2113083688
4,4,896.76,318.58,1000000000
3,2,384.76,310.9,844763523
2,2,1205.66,226.85,1696302558
4,3,458.59,262.92,918587987
3,2,379.21,136.08,840606035
3,2,718.36,120.05,1795425658
3,2,1475.49,845.84,1500000000
3,3,954.84,176.56,1686719998
2,1,2288.21,107.65,3279824634
3,2,1483.31,855.44,1500000000
3,2,702.26,148.94,803104395
3,3,766.36,177.57,827574477
5,3,461.14,194.0,975237090
4,4,1844.62,177.93,1975806415
3,2,243.88,243.88,831439984
3,3,923.97,330.51,988691721
3,2,252.59,252.59,828591725
5,3,2659.76,186.65,2239118038
3,2,627.96,199.35,800000000
3,3,855.32,163.83,1713828994
2,2,1189.92,224.79,1700412426
5,4,3584.43,224.44,2435163027
2,2,1474.24,795.87,1533027480
2,2,1121.31,215.84,1718325876
3,2,1315.23,164.71,1500000000
3,2,1477.68,823.53,1500000000
3,2,532.61,245.92,800000000
3,2,237.15,237.15,833641060
4,4,812.51,292.94,1000000000
3,2,1496.15,205.43,1881489276
2,3,1180.23,215.22,1667390460
4,3,3410.13,191.07,2821983847
3,2,505.55,223.28,926454845
5,3,2991.53,199.22,2313080211
3,2,1368.21,203.16,1500000000
3,2,1339.87,100.0,1500000000
4,2,727.57,124.98,1765845183
2,3,1370.6,227.59,1627587259
3,2,958.86,188.32,1756635290
4,4,865.85,309.17,1000000000
5,3,507.4,231.19,967402666
2,2,1418.4,461.77,1604620719
3,2,271.55,271.55,822390146
3,2,1376.28,424.18,1500000000
4,4,886.25,315.38,1000000000
3,2,371.72,319.38,831721021
2,2,1353.93,117.87,1517869386
3,2,389.85,315.65,800000000
3,2,1348.54,100.0,1500000000
3,2,198.11,140.63,892643822
3,2,1343.56,100.0,1500000000
4,3,2881.61,220.61,2248660859
3,2,769.51,134.57,1787175413
3,2,372.15,319.1,832151979
3,3,906.13,168.2,1690898351
2,2,1355.54,125.18,1525179873
3,2,531.6,246.42,800000000
3,2,1349.68,100.0,1500000000
3,2,1456.94,706.02,1500000000
2,2,1117.53,197.14,1707460962
3,2,130.03,130.03,868683032
2,3,1352.44,194.77,1594772029
4,2,718.58,121.87,1774019642
4,3,659.83,171.96,873198859
5,4,751.61,274.4,1000000000
3,3,687.39,163.21,844030921
3,2,190.51,128.57,862511355
3,2,636.04,195.4,800000000
4,2,740.46,129.43,1754126658
2,3,1361.42,246.3,1651850400
5,4,697.26,257.86,1000000000
4,2,278.09,156.86,917759154
3,3,747.42,163.59,813594379
3,2,968.22,190.98,1755125486
3,2,163.85,127.51,865605994
5,3,598.99,191.27,937577144
3,2,711.03,117.97,1796608147
2,3,1207.54,219.9,1665048178
2,2,1359.63,143.77,1543774187
4,4,969.02,340.57,1000000000
3,1,1457.14,109.91,2510310218
3,2,334.57,134.3,845788186
4,3,383.06,178.16,950719017
3,2,135.79,135.79,866798058
4,3,785.87,145.12,1712846319
5,4,552.2,213.71,1000000000
3,2,1088.08,200.96,1773341609
3,2,179.57,179.57,852475628
3,2,179.86,136.93,886911211
2,1,1368.89,177.52,2173039407
3,2,1348.77,100.0,1500000000
5,3,3767.39,230.31,2483407336
3,2,1333.82,100.0,1500000000
4,3,746.25,131.43,1748864319
3,2,1345.92,295.15,1500000000
3,2,1896.27,209.82,1987528468
3,2,1327.7,100.0,1500000000
3,2,1336.32,100.0,1500000000
3,2,727.88,150.55,800000000
3,2,867.88,162.5,1771309065
4,3,750.35,132.85,1745138702
2,2,1480.86,835.46,1524543573
3,2,305.34,171.96,896674759
4,4,1728.14,174.81,1945054219
3,2,842.99,142.47,1766884558
5,3,505.89,203.08,989290464
3,2,464.29,279.29,800000000
3,2,1317.27,100.0,1500000000
3,2,1390.99,332.27,1500000000
3,2,359.11,330.66,800000000
3,3,888.07,165.11,1692447105
2,3,1335.88,164.85,1564850220
3,3,744.28,161.28,811276816
3,2,1383.95,456.77,1500000000
3,2,1404.22,407.25,1500000000
2,2,1230.72,230.12,1689759440
3,2,184.68,184.68,850804936
2,2,1382.47,247.6,1647596647
3,2,1381.87,447.93,1500000000
2,2,1309.61,235.39,1665885119
2,3,1248.94,227.0,1661497730
3,3,942.25,307.38,957379059
4,2,693.42,113.18,1796886592
3,2,518.96,141.64,824383322
4,3,609.65,187.89,926294731
3,2,1327.13,215.3,1500000000
3,2,1429.02,547.77,1500000000
5,3,3788.52,227.06,2531806572
2,2,1478.29,820.13,1527828827
3,2,391.11,315.04,800000000
2,2,1228.18,219.17,1683510472
3,2,954.18,188.55,1738546092
3,2,738.12,125.66,1792239161
2,3,1243.68,226.1,1661948800
3,3,1017.91,187.38,1681311016
5,3,564.81,202.13,973751024
2,3,1302.7,104.88,1504878927
3,2,1303.96,100.0,1500000000
3,2,461.05,211.87,919835459
3,2,1459.31,777.06,1500000000
3,2,839.27,154.37,1775923882
3,2,1323.46,199.71,1500000000
3,2,313.21,313.21,808763005
2,2,1360.38,147.17,1547165207
2,1,1735.96,109.15,2768479979
3,2,418.0,301.9,800000000
3,2,531.23,246.6,800000000
3,2,139.74,139.74,865505374
3,2,250.54,250.54,829262002
5,4,663.74,247.66,1000000000
3,2,302.93,171.35,896317317
5,3,598.66,191.38,937927608
3,2,454.5,139.07,831865410
5,4,3794.79,230.06,2490703568
2,3,1340.76,242.76,1653622344
3,2,576.32,224.57,800000000
3,2,1324.0,100.0,1500000000
3,3,1033.19,190.0,1680001027
3,2,941.67,185.42,1735416871
4,3,766.45,138.41,1730501811
3,2,972.02,193.01,1743006120
3,2,1311.01,100.0,1500000000
3,2,702.28,115.49,1798019059
4,3,2470.17,216.1,2139619790
3,2,360.99,326.36,820986036
3,2,1451.59,744.26,1500000000
3,2,997.33,199.33,1749333130
2,2,1378.3,228.63,1628625669
4,2,332.54,167.91,934855460
3,3,1022.62,188.18,1680907787
3,2,1440.49,697.1,1500000000
2,2,1368.47,183.95,1583947303
2,2,1350.32,101.47,1501465627
3,3,714.67,276.87,957560030
3,1,1575.48,109.59,2619890206
3,3,712.39,155.27,817573300
3,2,476.39,273.38,800000000
5,3,546.28,208.01,993359378
3,2,681.62,148.11,805500495
2,2,1230.98,230.15,1689692328
3,2,206.03,129.19,860709897
4,3,453.51,266.22,913508170
3,2,192.45,192.45,848262548
3,2,960.12,190.03,1740029335
3,2,297.17,297.17,814010517
3,3,833.5,158.37,1708374129
3,3,971.66,329.09,979086432
2,2,1371.0,195.46,1595464537
5,3,595.48,192.39,941295145
2,2,1496.3,927.89,1504737922
3,2,987.24,196.81,1746810612
3,2,328.88,328.88,803637990
2,2,1065.12,186.7,1718805550
2,1,1443.97,172.94,2259144091
5,3,564.39,202.26,974193825
2,2,1373.56,207.11,1607113040
2,2,1307.06,240.09,1669827192
3,3,703.32,273.96,955871475
3,2,1462.97,792.6,1500000000
3,2,1362.02,168.1,1500000000
3,2,1344.74,100.0,1500000000
3,2,243.18,243.18,831668534
3,2,285.68,166.93,893751290
